"date","2011","2012","2013","2014","2015","2016","2017","2018","2019","2020","2021","2022","2023"
2023-01-01,45.5830388692579,61.6197183098592,33.0985915492958,13.3802816901408,16.1971830985915,59.8591549295775,54.8042704626335,58.7044534412955,50,22.5409836065574,35.3909465020576,26.0330578512397,63.75
2023-01-02,46.643109540636,60.4240282685512,34.1549295774648,11.9718309859155,17.3144876325088,59.0106007067138,56.2277580071174,56.6801619433198,52.8688524590164,23.3606557377049,34.9794238683128,25.2066115702479,65
2023-01-03,48.0565371024735,59.0106007067138,34.1549295774648,11.9718309859155,17.9577464788732,56.6901408450704,55.8718861209964,54.251012145749,54.5081967213115,24.1803278688525,36.6255144032922,23.9669421487603,66.25
2023-01-04,48.0565371024735,57.9505300353357,34.982332155477,12.3239436619718,17.9577464788732,55.9859154929577,55.5160142348754,53.4412955465587,56.9672131147541,24.5901639344262,37.037037037037,21.4876033057851,65.8333333333333
2023-01-05,48.4098939929329,55.8303886925795,35.5633802816901,11.6197183098592,16.1971830985915,55.2816901408451,57.2953736654804,51.417004048583,59.0163934426229,25,38.6831275720165,21.5767634854772,65.8333333333333
2023-01-06,46.2897526501767,57.0422535211268,34.8591549295775,11.6197183098592,17.2535211267606,53.169014084507,58.0071174377224,49.7975708502024,60.2459016393443,24.5901639344262,39.917695473251,22.4066390041494,67.9166666666667
2023-01-07,46.2897526501767,56.6901408450704,35.5633802816901,11.6197183098592,17.9577464788732,49.6478873239437,58.3629893238434,47.7732793522267,60.655737704918,25.4098360655738,41.5637860082305,23.2365145228216,66.25
2023-01-08,46.2897526501767,55.9859154929577,35.9154929577465,12.3239436619718,19.434628975265,48.943661971831,58.7188612099644,46.9635627530364,60.2459016393443,27.4590163934426,41.9753086419753,21.9917012448133,62.9166666666667
2023-01-09,47.1631205673759,57.0422535211268,35.5633802816901,12.3239436619718,20.4946996466431,47.887323943662,59.4306049822064,44.1295546558704,61.8852459016393,27.8688524590164,43.6213991769547,20.746887966805,59.5833333333333
2023-01-10,45.9363957597173,58.4507042253521,35.2112676056338,12.3239436619718,20.4225352112676,45.5830388692579,58.0071174377224,43.7246963562753,61.8852459016393,29.0983606557377,46.0905349794239,19.5020746887967,60.8333333333333
2023-01-11,44.5229681978799,59.8591549295775,34.8591549295775,13.3802816901408,19.0140845070423,41.5492957746479,58.3629893238434,44.9392712550607,63.1147540983607,30.7377049180328,46.5020576131687,20.3319502074689,60
2023-01-12,43.1095406360424,59.8591549295775,33.0985915492958,13.7809187279152,19.0812720848057,38.0281690140845,58.3629893238434,45.3441295546559,66.3934426229508,32.3770491803279,46.5020576131687,20.746887966805,58.3333333333333
2023-01-13,42.756183745583,60.5633802816901,33.4507042253521,14.4366197183099,18.0851063829787,36.6197183098592,58.7188612099644,44.5344129554656,67.2131147540984,32.3770491803279,45.679012345679,20.746887966805,60
2023-01-14,42.7046263345196,61.6197183098592,33.6879432624113,14.4366197183099,18.0212014134276,36.0424028268551,59.4306049822064,46.1538461538462,65.983606557377,32.3770491803279,41.5637860082305,21.5767634854772,57.5
2023-01-15,43.4628975265018,60.9929078014184,33.2155477031802,14.4366197183099,15.9010600706714,37.6760563380282,60.8540925266904,44.5344129554656,66.8032786885246,34.4262295081967,40.7407407407407,22.4066390041494,55.4166666666667
2023-01-16,44.5229681978799,63.7323943661972,34.1549295774648,14.1342756183746,14.7887323943662,38.0281690140845,61.5658362989324,42.5101214574899,66.3934426229508,35.2459016393443,37.4485596707819,23.2365145228216,51.25
2023-01-17,45.0354609929078,66.5492957746479,34.1549295774648,14.1342756183746,14.0845070422535,38.0281690140845,61.5658362989324,41.7004048582996,67.2131147540984,36.0655737704918,34.9794238683128,25.7261410788382,49.1666666666667
2023-01-18,44.5229681978799,66.9014084507042,31.4487632508834,14.7887323943662,12.7208480565371,39.5759717314488,60.7142857142857,42.1052631578947,68.4426229508197,36.8852459016393,34.5679012345679,26.5560165975104,49.5833333333333
2023-01-19,45.2296819787986,67.6056338028169,29.9295774647887,14.4366197183099,12.3239436619718,40.2826855123675,60.1423487544484,41.7004048582996,68.0327868852459,37.7049180327869,32.5102880658436,27.3858921161826,49.1666666666667
2023-01-20,45.0354609929078,66.5492957746479,27.208480565371,14.7887323943662,11.9718309859155,41.5492957746479,60.4982206405694,40.080971659919,70.0819672131148,38.1147540983607,31.2757201646091,28.2157676348548,49.5833333333333
2023-01-21,48.5815602836879,66.1971830985916,27.5618374558304,15.4929577464789,12.0141342756184,42.2535211267606,60.1423487544484,39.2712550607287,70.4918032786885,38.5245901639344,31.6872427983539,29.4605809128631,49.1666666666667
2023-01-22,50.8833922261484,66.5492957746479,28.2685512367491,15.4929577464789,13.0281690140845,42.756183745583,62.6334519572954,36.4372469635627,70.0819672131148,38.9344262295082,29.2181069958848,31.9502074688797,50.4166666666667
2023-01-23,50.530035335689,67.6056338028169,27.8169014084507,16.5492957746479,14.4366197183099,44.7183098591549,63.3451957295374,35.2226720647773,68.4426229508197,39.344262295082,27.5720164609053,33.195020746888,51.6666666666667
2023-01-24,51.2367491166078,67.6056338028169,28.8732394366197,15.1408450704225,15.547703180212,45.7746478873239,64.0569395017794,35.6275303643725,69.672131147541,39.344262295082,27.9835390946502,35.6846473029046,52.9166666666667
2023-01-25,51.2367491166078,68.3098591549296,29.6819787985866,14.4366197183099,15.8450704225352,46.4788732394366,64.0569395017794,34.0080971659919,71.3114754098361,39.344262295082,27.9835390946502,37.344398340249,51.6666666666667
2023-01-26,51.2367491166078,67.4911660777385,28.5211267605634,13.3802816901408,16.2544169611307,47.5352112676056,64.7686832740214,32.7935222672065,70.9016393442623,39.7540983606557,29.2181069958848,38.5892116182573,52.0833333333333
2023-01-27,50.530035335689,68.6619718309859,26.1484098939929,10.6007067137809,16.1971830985915,48.5915492957746,64.0569395017794,32.7935222672065,68.4426229508197,38.1147540983607,28.3950617283951,39.0041493775934,53.3333333333333
2023-01-28,52.2968197879859,68.3098591549296,28.169014084507,10.2112676056338,15.8450704225352,48.2394366197183,64.0569395017794,32.3886639676113,67.6229508196721,38.5245901639344,26.3374485596708,40.2489626556017,54.1666666666667
2023-01-29,54.0636042402827,68.6619718309859,26.4084507042254,9.85915492957746,13.0742049469965,50,64.4128113879004,32.7935222672065,65.1639344262295,36.8852459016393,24.6913580246914,42.7385892116183,55
2023-01-30,55.4770318021201,68.3098591549296,24.0282685512367,10.2112676056338,13.1205673758865,46.4788732394366,64.7686832740214,32.3886639676113,63.9344262295082,36.4754098360656,24.2798353909465,41.9087136929461,55.8333333333333
2023-01-31,57.8014184397163,67.2535211267606,25.3521126760563,11.2676056338028,12.6760563380282,44.0140845070423,63.7010676156584,30.7692307692308,58.1967213114754,35.655737704918,23.4567901234568,42.7385892116183,58.3333333333333
2023-02-01,60.4240282685512,69.0140845070423,22.6148409893993,11.3074204946996,10.9154929577465,42.2535211267606,64.0569395017794,30.7692307692308,55.327868852459,32.7868852459016,23.4567901234568,44.3983402489627,61.6666666666667
2023-02-02,60.4240282685512,70.4225352112676,21.4788732394366,10.9154929577465,10.5633802816901,40.1408450704225,63.5714285714286,29.9595141700405,52.4590163934426,31.1475409836066,23.0452674897119,44.8132780082988,63.3333333333333
2023-02-03,61.8374558303887,73.2394366197183,23.2394366197183,11.2676056338028,10.5633802816901,39.0845070422535,63.5714285714286,29.1497975708502,52.8688524590164,26.6393442622951,21.8106995884774,44.8132780082988,66.25
2023-02-04,61.4840989399293,75,22.887323943662,11.2676056338028,10.9154929577465,39.0845070422535,60.4982206405694,29.5546558704453,53.2786885245902,25.4098360655738,22.6337448559671,44.3983402489627,68.3333333333333
2023-02-05,63.6042402826855,76.4084507042254,22.1830985915493,10.9154929577465,11.2676056338028,39.2226148409894,60.4982206405694,30.3643724696356,54.0983606557377,24.1803278688525,21.3991769547325,46.0580912863071,69.1666666666667
2023-02-06,63.9575971731449,77.112676056338,21.5547703180212,9.85915492957746,11.2676056338028,37.6760563380282,58.7188612099644,29.1497975708502,53.6885245901639,24.1803278688525,21.8106995884774,45.2282157676349,71.25
2023-02-07,64.5390070921986,78.5211267605634,23.2394366197183,9.50704225352113,11.9718309859155,34.8591549295775,58.7188612099644,29.9595141700405,53.6885245901639,23.7704918032787,20.9876543209877,41.9087136929461,72.5
2023-02-08,66.0777385159011,80.6338028169014,23.2394366197183,10.2112676056338,12.7208480565371,35.5633802816901,59.4306049822064,31.1740890688259,52.4590163934426,24.1803278688525,20.9876543209877,43.1535269709544,73.3333333333333
2023-02-09,66.0777385159011,80.6338028169014,22.887323943662,11.6197183098592,12.6760563380282,30.9859154929577,58.2142857142857,30.3643724696356,52.0491803278689,23.7704918032787,20.9876543209877,42.3236514522822,76.25
2023-02-10,66.4310954063604,80.9859154929577,21.1267605633803,9.89399293286219,13.7323943661972,29.5774647887324,58.9285714285714,30.3643724696356,49.1803278688525,23.3606557377049,21.3991769547325,41.49377593361,77.9166666666667
2023-02-11,67.1378091872791,82.0422535211268,20.7746478873239,9.85915492957746,14.0845070422535,28.5211267605634,58.7188612099644,29.5546558704453,50,23.7704918032787,22.2222222222222,42.7385892116183,79.5833333333333
2023-02-12,67.8445229681979,83.8028169014084,21.1267605633803,10.5633802816901,15.4929577464789,25.0883392226148,59.0747330960854,30.3643724696356,50,25,22.2222222222222,44.3983402489627,80
2023-02-13,67.4911660777385,83.8028169014084,22.9681978798587,8.8339222614841,16.5492957746479,22.9681978798587,59.0747330960854,27.9352226720648,49.1803278688525,24.1803278688525,22.2222222222222,44.8132780082988,80
2023-02-14,67.4911660777385,83.4507042253521,22.5352112676056,8.09859154929577,18.0212014134276,21.4788732394366,59.4306049822064,30.3643724696356,50,25,21.8106995884774,43.5684647302905,80.8333333333333
2023-02-15,66.7844522968198,84.8591549295775,21.830985915493,7.3943661971831,17.6678445229682,21.1267605633803,60.1423487544484,30.3643724696356,50.4098360655738,25,20.9876543209877,44.3983402489627,80
2023-02-16,66.4310954063604,85.5633802816901,21.830985915493,8.45070422535211,17.6056338028169,22.1830985915493,62.2775800711744,30.3643724696356,50.8196721311475,25.4098360655738,21.3991769547325,43.1535269709544,82.9457364341085
2023-02-17,67.4911660777385,86.6197183098592,21.1267605633803,8.45070422535211,17.9577464788732,21.4788732394366,61.2099644128114,29.5546558704453,50.4098360655738,26.2295081967213,21.8106995884774,39.0041493775934,83.7209302325581
2023-02-18,71.3780918727915,85.9154929577465,21.1267605633803,8.48056537102473,17.9577464788732,21.9081272084806,62.2775800711744,29.9595141700405,49.5901639344262,26.2295081967213,21.8106995884774,38.1742738589212,85.2713178294574
2023-02-19,70.6713780918728,86.9718309859155,21.830985915493,8.80281690140845,17.9577464788732,22.887323943662,63.7010676156584,27.9352226720648,51.2295081967213,26.6393442622951,21.8106995884774,38.1742738589212,85.2713178294574
2023-02-20,70.6713780918728,86.9718309859155,21.1267605633803,8.45070422535211,17.6056338028169,23.2394366197183,63.9285714285714,27.9352226720648,51.2295081967213,26.6393442622951,21.8106995884774,39.0041493775934,85.2713178294574
2023-02-21,68.1978798586572,87.3239436619718,21.4788732394366,8.48056537102473,16.1971830985915,22.887323943662,64.0569395017794,27.5303643724696,52.4590163934426,27.4590163934426,21.8106995884774,36.9294605809129,84.8837209302326
2023-02-22,67.4911660777385,87.3239436619718,22.5352112676056,8.48056537102473,15.547703180212,21.9081272084806,63.9285714285714,28.7449392712551,53.2786885245902,28.2786885245902,21.8106995884774,38.1742738589212,84.1085271317829
2023-02-23,70.3180212014134,87.3239436619718,22.5352112676056,8.80281690140845,14.0845070422535,22.1830985915493,63.7010676156584,29.5546558704453,54.0983606557377,28.6885245901639,22.6337448559671,38.5892116182573,84.4961240310078
2023-02-24,69.6113074204947,87.6760563380282,23.5915492957746,9.15492957746479,13.0281690140845,20.4225352112676,65.8362989323843,29.5546558704453,56.5573770491803,28.6885245901639,22.6337448559671,37.344398340249,83.3333333333333
2023-02-25,69.9646643109541,88.7323943661972,24.6478873239437,9.54063604240283,13.4275618374558,21.1267605633803,66.9039145907473,29.5546558704453,58.6065573770492,27.8688524590164,23.0452674897119,38.1742738589212,83.7209302325581
2023-02-26,68.6832740213523,88.7323943661972,25.3521126760563,9.15492957746479,12.3239436619718,19.0140845070423,66.7857142857143,30.8943089430894,59.0163934426229,28.2786885245902,24.2798353909465,39.8340248962656,84.8837209302326
2023-02-27,68.1978798586572,88.6925795053004,25.3521126760563,9.15492957746479,11.6197183098592,19.0140845070423,66.0714285714286,30.8943089430894,60.2459016393443,26.2295081967213,25.1028806584362,40.2489626556017,85.6589147286822
2023-02-28,70.2127659574468,88.0281690140845,26.4084507042254,7.80141843971631,10.9154929577465,19.0140845070423,64.5161290322581,30.0813008130081,61.4754098360656,27.0491803278689,25.9259259259259,41.9087136929461,85.3281853281853
2023-03-01,69.2579505300353,88.0281690140845,26.4084507042254,8.45070422535211,10.2112676056338,21.830985915493,64.0569395017794,28.0487804878049,61.4754098360656,25.8196721311475,25.9259259259259,43.1535269709544,85.7142857142857
2023-03-02,69.6113074204947,88.0281690140845,27.4647887323944,8.09859154929577,8.09859154929577,20.0704225352113,60.1423487544484,28.0487804878049,63.1147540983607,22.1311475409836,27.9835390946502,44.8132780082988,86.4864864864865
2023-03-03,69.9646643109541,88.3802816901408,27.4647887323944,7.3943661971831,8.51063829787234,20.0704225352113,57.6512455516014,28.0487804878049,61.8852459016393,22.5409836065574,27.9835390946502,45.643153526971,86.8725868725869
2023-03-04,71.0247349823321,88.0281690140845,27.112676056338,7.3943661971831,8.45070422535211,16.5492957746479,54.2857142857143,28.8617886178862,60.655737704918,20.4918032786885,29.2181069958848,46.0580912863071,87.2586872586873
2023-03-05,72.4381625441696,88.3802816901408,27.8169014084507,8.45070422535211,9.50704225352113,15.1408450704225,55.2346570397112,28.8617886178862,61.4754098360656,19.672131147541,30.4526748971193,46.8879668049792,86.8725868725869
2023-03-06,73.8515901060071,87.6760563380282,26.5017667844523,9.85915492957746,8.80281690140845,16.9014084507042,51.2544802867383,29.6747967479675,59.4262295081967,18.0327868852459,32.0987654320988,48.1327800829876,86.8725868725869
2023-03-07,74.9116607773852,87.6760563380282,27.4647887323944,9.9290780141844,8.8339222614841,17.6056338028169,49.1103202846975,29.6747967479675,58.1967213114754,18.8524590163934,32.0987654320988,48.9626556016597,86.8725868725869
2023-03-08,74.822695035461,88.3802816901408,26.7605633802817,10.2112676056338,8.48056537102473,19.3661971830986,48.3985765124555,29.6747967479675,61.0655737704918,17.6229508196721,33.3333333333333,48.9626556016597,85.3281853281853
2023-03-09,75.2650176678445,89.0845070422535,27.4647887323944,10.5633802816901,8.8339222614841,17.3758865248227,47.6868327402135,30.4878048780488,61.4754098360656,16.8032786885246,35.3909465020576,50.6224066390041,83.7837837837838
2023-03-10,76.678445229682,89.0845070422535,26.4084507042254,10.9540636042403,8.80281690140845,17.9577464788732,47.6868327402135,29.6747967479675,59.4262295081967,16.8032786885246,36.2139917695473,51.0373443983403,81.8532818532819
2023-03-11,75.886524822695,88.7323943661972,24.7349823321555,10.9154929577465,9.50704225352113,19.3661971830986,46.9750889679715,26.0162601626016,57.3770491803279,16.8032786885246,36.2139917695473,51.4522821576764,77.992277992278
2023-03-12,74.468085106383,88.3802816901408,24.2957746478873,12.3239436619718,11.9718309859155,19.3661971830986,45.9074733096085,25.7142857142857,56.1475409836066,16.3934426229508,37.037037037037,50.6224066390041,77.2200772200772
2023-03-13,73.1448763250883,88.7323943661972,24.2957746478873,12.6760563380282,11.9718309859155,20.7746478873239,46.9750889679715,26.530612244898,56.5573770491803,16.3934426229508,35.3909465020576,49.792531120332,75.2895752895753
2023-03-14,73.758865248227,87.6760563380282,23.2394366197183,12.3239436619718,13.0742049469965,20.4225352112676,49.4661921708185,24.0816326530612,54.0983606557377,16.8032786885246,35.8024691358025,52.2821576763485,73.7451737451737
2023-03-15,72.0848056537102,87.6325088339223,22.2614840989399,13.0281690140845,13.3802816901408,19.7183098591549,49.4661921708185,22.4489795918367,50.8196721311475,16.8032786885246,32.9218106995885,51.0373443983403,73.3590733590734
2023-03-16,72.0848056537102,87.3239436619718,21.4788732394366,14.0845070422535,14.7887323943662,19.7183098591549,47.3309608540925,23.6734693877551,48.3606557377049,17.6229508196721,32.9218106995885,51.0373443983403,71.8146718146718
2023-03-17,72.791519434629,87.6760563380282,21.1267605633803,14.4366197183099,15.8450704225352,19.7183098591549,47.3309608540925,20.8163265306122,46.3114754098361,18.0327868852459,31.2757201646091,53.1120331950208,71.8146718146718
2023-03-18,73.8515901060071,88.0281690140845,20.4225352112676,15.1408450704225,16.9014084507042,19.7183098591549,46.9750889679715,20.4081632653061,47.1311475409836,18.4426229508197,31.6872427983539,53.9419087136929,72.2007722007722
2023-03-19,74.2049469964664,88.0281690140845,20.0704225352113,15.4929577464789,17.9577464788732,19.0140845070423,48.2142857142857,20.8163265306122,47.9508196721311,18.4426229508197,30.8641975308642,54.7717842323651,71.8146718146718
2023-03-20,74.2049469964664,87.9858657243816,19.7183098591549,15.1943462897526,18.6619718309859,19.3661971830986,47.5,22.0408163265306,49.5901639344262,18.4426229508197,32.5102880658436,52.6970954356846,72.972972972973
2023-03-21,74.113475177305,88.3802816901408,19.434628975265,14.8936170212766,18.6619718309859,19.3661971830986,48.3985765124555,24.0816326530612,49.1803278688525,18.4426229508197,31.6872427983539,53.1120331950208,72.2007722007722
2023-03-22,74.822695035461,88.0281690140845,18.0212014134276,14.8409893992933,19.0140845070423,19.7183098591549,48.3985765124555,22.8571428571429,48.3606557377049,18.4426229508197,32.0987654320988,53.9419087136929,72.5868725868726
2023-03-23,75.2650176678445,89.0845070422535,19.7183098591549,14.4876325088339,19.0812720848057,20.4225352112676,48.7544483985765,20.4081632653061,49.5901639344262,19.672131147541,32.9218106995885,55.6016597510373,72.972972972973
2023-03-24,75.2650176678445,89.3992932862191,18.6619718309859,14.4876325088339,19.0140845070423,21.4788732394366,49.4661921708185,20.8163265306122,51.2295081967213,20.4918032786885,32.9218106995885,55.6016597510373,73.3590733590734
2023-03-25,74.2049469964664,89.4366197183099,19.0140845070423,14.8936170212766,19.3661971830986,23.5915492957746,48.7544483985765,22.8571428571429,52.8688524590164,21.3114754098361,34.5679012345679,56.4315352697095,73.3590733590734
2023-03-26,74.113475177305,90.8450704225352,18.7279151943463,16.0142348754448,20.1413427561837,22.887323943662,48.7544483985765,24.0816326530612,53.6885245901639,21.7213114754098,35.8024691358025,56.8464730290456,69.4980694980695
2023-03-27,74.2049469964664,90.4929577464789,19.0140845070423,15.6583629893238,20.4225352112676,22.887323943662,49.1103202846975,24.4897959183673,55.7377049180328,22.5409836065574,37.8600823045267,57.2614107883817,69.8841698841699
2023-03-28,72.3404255319149,89.4366197183099,19.0140845070423,16.6077738515901,21.4788732394366,21.5547703180212,51.6014234875445,22.4489795918367,57.3770491803279,22.5409836065574,39.5061728395062,57.6763485477178,69.8841698841699
2023-03-29,72.791519434629,88.7323943661972,17.3144876325088,17.0212765957447,20.1413427561837,23.2394366197183,53.0249110320285,22.0408163265306,57.7868852459016,24.1803278688525,39.5061728395062,56.8464730290456,70.1550387596899
2023-03-30,73.4982332155477,88.6925795053004,17.2535211267606,16.9611307420495,17.6056338028169,22.887323943662,51.2455516014235,19.5918367346939,57.7868852459016,24.1803278688525,39.5061728395062,56.4315352697095,70.9302325581395
2023-03-31,74.2049469964664,89.0459363957597,17.9577464788732,17.3144876325088,15.8450704225352,20.8480565371025,52.6690391459075,20,59.0163934426229,24.1803278688525,39.5061728395062,56.4315352697095,69.3798449612403
2023-04-01,73.8515901060071,89.0845070422535,17.3144876325088,18.0212014134276,15.4929577464789,20.7746478873239,51.2455516014235,21.6326530612245,58.6065573770492,25.4098360655738,40.3292181069959,56.0165975103734,68.6046511627907
2023-04-02,72.6950354609929,89.0459363957597,17.6056338028169,16.5492957746479,15.4929577464789,20.4225352112676,53.3807829181495,19.5918367346939,57.7868852459016,25.4098360655738,41.9753086419753,56.4315352697095,67.0542635658915
2023-04-03,73.4982332155477,89.3992932862191,17.9577464788732,16.5492957746479,13.7323943661972,19.7183098591549,55.1601423487544,19.5918367346939,56.9672131147541,26.2295081967213,42.798353909465,58.9211618257261,66.2790697674419
2023-04-04,74.6478873239437,89.4366197183099,17.2535211267606,16.9014084507042,13.0281690140845,19.7183098591549,54.4483985765125,19.1836734693878,55.7377049180328,26.6393442622951,44.4444444444444,58.0912863070539,65.8914728682171
2023-04-05,76.056338028169,89.3992932862191,17.9577464788732,17.3144876325088,12.6760563380282,17.6056338028169,56.9395017793594,21.2244897959184,56.5573770491803,27.4590163934426,44.8559670781893,58.0912863070539,65.8914728682171
2023-04-06,76.056338028169,89.4366197183099,20.7746478873239,19.0812720848057,13.0281690140845,16.9014084507042,57.6512455516014,20.4081632653061,55.327868852459,28.2786885245902,45.2674897119342,58.50622406639,66.023166023166
2023-04-07,75.3521126760563,89.4366197183099,20.7746478873239,18.6619718309859,13.7323943661972,16.9014084507042,58.5714285714286,20.4081632653061,56.5573770491803,29.5081967213115,46.6942148760331,56.8464730290456,66.4092664092664
2023-04-08,76.3250883392226,89.3992932862191,20.7746478873239,18.3098591549296,14.7887323943662,16.6077738515901,59.4306049822064,20.4918032786885,58.6065573770492,29.9180327868852,46.6942148760331,50.207468879668,67.953667953668
2023-04-09,75.9717314487633,89.7887323943662,19.7879858657244,18.6619718309859,14.4366197183099,15.8450704225352,60.4982206405694,20.4918032786885,59.0163934426229,30.327868852459,46.2809917355372,48.1327800829876,69.1119691119691
2023-04-10,77.4647887323944,89.0845070422535,20.0704225352113,19.0140845070423,15.1408450704225,15.1408450704225,61.2099644128114,20.4918032786885,59.4262295081967,31.1475409836066,46.6942148760331,46.4730290456432,69.1119691119691
2023-04-11,77.4647887323944,86.6197183098592,18.6619718309859,20.0704225352113,16.5492957746479,16.1971830985915,61.9217081850534,20.4918032786885,60.655737704918,31.1475409836066,45.0413223140496,45.2282157676349,69.1119691119691
2023-04-12,77.4647887323944,86.2676056338028,16.9014084507042,20.0704225352113,18.3098591549296,16.9611307420495,62.6334519572954,20.0819672131148,61.4754098360656,29.9180327868852,46.6942148760331,45.2282157676349,67.1814671814672
2023-04-13,78.8732394366197,86.1702127659574,17.6056338028169,20.0704225352113,18.6619718309859,18.0212014134276,62.6334519572954,20.0819672131148,63.9344262295082,31.1475409836066,48.7603305785124,46.4730290456432,67.1814671814672
2023-04-14,78.4452296819788,87.3239436619718,17.9577464788732,20.4946996466431,19.7183098591549,19.0140845070423,63.7010676156584,20.0819672131148,65.1639344262295,34.0163934426229,48.3471074380165,47.3029045643154,67.5675675675676
2023-04-15,78.5211267605634,86.9718309859155,17.6678445229682,21.1267605633803,18.6619718309859,17.3144876325088,63.9285714285714,20.0819672131148,65.1639344262295,34.4262295081967,50,48.1327800829876,66.023166023166
2023-04-16,80.2816901408451,88.3802816901408,17.0212765957447,21.830985915493,19.7183098591549,18.3098591549296,64.4128113879004,20.4918032786885,65.1639344262295,34.8360655737705,50.8264462809917,48.9626556016597,67.1814671814672
2023-04-17,80.9859154929577,87.6760563380282,16.1971830985915,21.4788732394366,21.1267605633803,17.2535211267606,64.7686832740214,21.7213114754098,64.7540983606557,35.655737704918,51.6528925619835,50.207468879668,67.1814671814672
2023-04-18,80.8510638297872,86.2676056338028,16.5492957746479,21.2014134275618,21.1267605633803,18.3098591549296,66.9039145907473,22.9508196721311,65.5737704918033,35.2459016393443,53.3057851239669,50.6224066390041,66.7953667953668
2023-04-19,80.2120141342756,85.9154929577465,16.5492957746479,21.1267605633803,21.4788732394366,18.3098591549296,68.6832740213523,23.3606557377049,67.6229508196721,36.0655737704918,54.1322314049587,50.6224066390041,67.1814671814672
2023-04-20,80.565371024735,84.5070422535211,16.9014084507042,22.1830985915493,21.1267605633803,18.7279151943463,70.8185053380783,22.5409836065574,68.0327868852459,35.2459016393443,54.1322314049587,50.6224066390041,67.8294573643411
2023-04-21,79.5053003533569,84.1549295774648,16.1971830985915,22.1830985915493,23.2394366197183,18.3098591549296,70.8185053380783,21.3114754098361,67.2131147540984,34.4262295081967,54.1322314049587,51.4522821576764,67.8294573643411
2023-04-22,78.7985865724382,84.452296819788,15.8450704225352,23.2394366197183,23.943661971831,19.0140845070423,71.5302491103203,22.1311475409836,65.1639344262295,35.2459016393443,54.1322314049587,51.8672199170124,67.8294573643411
2023-04-23,79.8586572438163,83.4507042253521,16.1971830985915,25.4416961130742,23.5915492957746,18.3098591549296,73.3096085409253,23.3606557377049,66.8032786885246,34.8360655737705,54.9586776859504,51.8672199170124,68.0933852140078
2023-04-24,80.2120141342756,81.3380281690141,17.2535211267606,25,24.2957746478873,18.3745583038869,71.5302491103203,22.9508196721311,65.1639344262295,34.8360655737705,54.5454545454545,53.9419087136929,68.4824902723735
2023-04-25,80.9187279151944,79.5053003533569,17.9577464788732,24.2957746478873,24.2957746478873,18.7279151943463,72.2419928825623,22.9508196721311,64.7540983606557,34.4262295081967,55.3719008264463,54.356846473029,67.1875
2023-04-26,80.9187279151944,76.056338028169,16.9014084507042,24.2957746478873,23.943661971831,18.3098591549296,70.4626334519573,24.1803278688525,64.344262295082,34.8360655737705,54.9586776859504,53.9419087136929,67.578125
2023-04-27,81.2720848056537,75.7042253521127,16.9014084507042,24.113475177305,21.830985915493,19.0140845070423,71.5302491103203,23.3606557377049,65.1639344262295,34.4262295081967,54.1322314049587,55.6016597510373,67.96875
2023-04-28,81.2056737588652,71.4788732394366,17.2535211267606,23.943661971831,21.4788732394366,19.434628975265,72.9537366548043,25,64.7540983606557,34.4262295081967,54.1322314049587,56.8464730290456,67.843137254902
2023-04-29,79.9295774647887,68.6619718309859,16.1971830985915,23.943661971831,22.5352112676056,20.0704225352113,73.6654804270463,24.5901639344262,66.3934426229508,34.0163934426229,53.3057851239669,56.8464730290456,68.2352941176471
2023-04-30,79.5053003533569,66.5492957746479,15.4929577464789,24.6478873239437,23.2394366197183,20.0704225352113,72.5978647686833,22.5409836065574,64.344262295082,33.1967213114754,52.8925619834711,56.8464730290456,68.2352941176471
2023-05-01,79.9295774647887,66.9014084507042,16.1971830985915,24.7349823321555,14.4366197183099,21.1267605633803,71.8861209964413,23.3606557377049,65.5737704918033,34.0163934426229,53.3057851239669,58.0912863070539,67.843137254902
2023-05-02,80.6338028169014,65.4929577464789,15.4929577464789,25,11.9718309859155,21.5547703180212,72.5978647686833,24.1803278688525,65.1639344262295,32.7868852459016,53.3057851239669,58.50622406639,69.2913385826772
2023-05-03,81.6901408450704,65.017667844523,15.8450704225352,25,11.660777385159,21.9081272084806,71.5302491103203,25.4098360655738,65.5737704918033,33.1967213114754,53.7190082644628,58.50622406639,69.4444444444444
2023-05-04,83.0985915492958,64.3109540636042,15.9010600706714,25,10.2112676056338,21.5547703180212,71.5302491103203,26.6393442622951,65.1639344262295,33.1967213114754,53.3057851239669,58.50622406639,70.0404858299595
2023-05-05,83.8028169014084,64.0845070422535,16.5492957746479,24.2957746478873,9.85915492957746,21.2014134275618,72.5978647686833,27.0491803278689,66.8032786885246,32.3770491803279,53.7190082644628,58.9211618257261,70.4453441295547
2023-05-06,85.2112676056338,63.7323943661972,16.2544169611307,24.7349823321555,10.2112676056338,21.4788732394366,71.1743772241993,27.8688524590164,67.6229508196721,32.7868852459016,52.4793388429752,60.9958506224066,70.1612903225806
2023-05-07,84.8591549295775,65.1408450704225,16.9014084507042,24.6478873239437,9.85915492957746,22.1830985915493,71.8861209964413,27.0491803278689,67.6229508196721,33.1967213114754,50.8264462809917,61.4107883817427,70.0404858299595
2023-05-08,84.5070422535211,64.0845070422535,16.9611307420495,24.6478873239437,10.9154929577465,22.887323943662,72.5,27.0491803278689,63.9344262295082,33.6065573770492,49.5867768595041,62.2406639004149,69.7959183673469
2023-05-09,85.9154929577465,63.7323943661972,16.9014084507042,24.2957746478873,12.3239436619718,21.4788732394366,71.8861209964413,26.2295081967213,62.2950819672131,34.0163934426229,49.5867768595041,65.1452282157676,68.4426229508197
2023-05-10,86.5724381625442,63.7323943661972,16.9014084507042,24.6478873239437,13.0281690140845,21.2765957446809,70.3571428571429,25.8196721311475,60.2459016393443,31.9672131147541,49.1735537190083,65.5601659751037,67.4897119341564
2023-05-11,86.6197183098592,63.3802816901408,17.6678445229682,25.0883392226148,13.0281690140845,20.4225352112676,69.0391459074733,27.0491803278689,60.2459016393443,29.9180327868852,47.5206611570248,66.3900414937759,67.4897119341564
2023-05-12,86.9718309859155,64.4366197183099,17.2535211267606,25.3521126760563,13.3802816901408,18.6619718309859,67.9715302491103,26.6393442622951,61.0655737704918,28.6885245901639,46.2809917355372,67.2199170124481,67.4897119341564
2023-05-13,86.9718309859155,65.1408450704225,16.5492957746479,25.0883392226148,13.4275618374558,17.9577464788732,68.3274021352313,25.8196721311475,62.2950819672131,27.0491803278689,45.8677685950413,67.6348547717842,66.5289256198347
2023-05-14,86.6197183098592,63.7323943661972,15.8450704225352,26.056338028169,13.1205673758865,19.7183098591549,69.7508896797153,24.1803278688525,62.7049180327869,27.0491803278689,46.6942148760331,68.4647302904564,66.1157024793388
2023-05-15,86.9718309859155,63.2508833922262,15.1408450704225,26.4084507042254,13.3802816901408,20.0704225352113,69.0391459074733,22.9508196721311,62.7049180327869,27.4590163934426,45.4545454545455,67.2199170124481,66.6666666666667
2023-05-16,87.6760563380282,65.1408450704225,14.7887323943662,27.4647887323944,15.8450704225352,19.7879858657244,67.9715302491103,23.7704918032787,61.4754098360656,28.2786885245902,45.4545454545455,67.6348547717842,67.965367965368
2023-05-17,87.6760563380282,64.7887323943662,15.4929577464789,27.112676056338,15.1408450704225,20.7746478873239,67.5,23.3606557377049,59.4262295081967,29.0983606557377,44.6280991735537,67.2199170124481,68.2608695652174
2023-05-18,86.6197183098592,64.0845070422535,15.4929577464789,25.3521126760563,14.0845070422535,20.2127659574468,67.1428571428571,24.5901639344262,58.1967213114754,29.5081967213115,45.4545454545455,67.2199170124481,68.5589519650655
2023-05-19,86.9718309859155,63.6042402826855,15.1943462897526,25,14.0845070422535,19.7183098591549,66.1921708185053,24.5901639344262,58.6065573770492,30.327868852459,45.0413223140496,68.4647302904564,69.4323144104803
2023-05-20,86.9718309859155,63.3802816901408,14.0845070422535,24.6478873239437,14.7887323943662,22.5352112676056,66.1921708185053,25.4098360655738,58.1967213114754,31.9672131147541,44.6280991735537,68.4647302904564,69.2982456140351
2023-05-21,86.6197183098592,60.9154929577465,13.3802816901408,23.5915492957746,15.4929577464789,22.1830985915493,65.4804270462633,25.4098360655738,60.2459016393443,32.3770491803279,43.801652892562,68.4647302904564,68.4210526315789
2023-05-22,86.9718309859155,58.4507042253521,13.3802816901408,25.0883392226148,15.8450704225352,21.2014134275618,66.1921708185053,25,61.0655737704918,31.9672131147541,43.801652892562,69.2946058091286,68.7224669603524
2023-05-23,86.6197183098592,57.243816254417,13.0281690140845,25.0883392226148,15.8450704225352,20.0704225352113,66.1921708185053,25.4098360655738,60.655737704918,32.3770491803279,44.6280991735537,67.2199170124481,69.6428571428571
2023-05-24,87.3239436619718,57.7464788732394,13.3802816901408,25.7042253521127,16.6077738515901,19.7183098591549,67.3835125448029,25,62.7049180327869,33.1967213114754,43.801652892562,65.9751037344398,68.5840707964602
2023-05-25,87.6760563380282,56.1837455830389,13.3802816901408,24.6478873239437,16.9014084507042,18.6619718309859,69.0391459074733,25.4098360655738,61.8852459016393,33.1967213114754,43.3884297520661,68.4647302904564,67.9824561403509
2023-05-26,87.3239436619718,57.0422535211268,13.0281690140845,25,17.2535211267606,19.3661971830986,69.7508896797153,23.7704918032787,61.4754098360656,33.1967213114754,42.9752066115703,69.7095435684647,68.7224669603524
2023-05-27,87.3239436619718,56.6901408450704,13.3802816901408,24.6478873239437,17.9577464788732,19.7183098591549,69.3950177935943,25,61.8852459016393,34.4262295081967,43.3884297520661,68.4647302904564,71.4285714285714
2023-05-28,87.6760563380282,57.7464788732394,13.0281690140845,22.887323943662,19.3661971830986,17.9577464788732,69.3950177935943,24.5901639344262,61.0655737704918,34.8360655737705,43.3884297520661,68.8796680497925,71.4285714285714
2023-05-29,86.9257950530035,58.8028169014084,12.4113475177305,22.887323943662,19.0140845070423,16.2544169611307,69.0391459074733,23.7704918032787,62.2950819672131,35.2459016393443,43.801652892562,69.2946058091286,70.8520179372197
2023-05-30,87.2791519434629,60.2112676056338,12.6760563380282,22.5352112676056,20.0704225352113,16.9014084507042,69.3950177935943,24.1803278688525,63.5245901639344,36.0655737704918,44.2148760330578,70.5394190871369,70.9090909090909
2023-05-31,87.2791519434629,60.0706713780919,11.9718309859155,22.887323943662,21.1267605633803,14.7887323943662,70.8185053380783,22.5409836065574,63.9344262295082,38.1147540983607,43.801652892562,71.7842323651452,71.1009174311927
2023-06-01,87.9858657243816,59.7173144876325,12.7208480565371,23.2394366197183,21.4788732394366,15.4929577464789,70.8185053380783,22.5409836065574,65.983606557377,38.1147540983607,42.5619834710744,71.7842323651452,NA
2023-06-02,88.339222614841,60.7773851590106,13.3802816901408,23.2394366197183,22.5352112676056,15.547703180212,71.8861209964413,21.3114754098361,64.7540983606557,38.5245901639344,42.1487603305785,72.1991701244813,NA
2023-06-03,87.9858657243816,59.3639575971731,13.3802816901408,24.2957746478873,23.2394366197183,14.7887323943662,70.2508960573477,20.9016393442623,65.983606557377,38.9344262295082,45.0413223140496,71.3692946058091,NA
2023-06-04,87.6325088339223,57.8014184397163,13.7323943661972,23.5915492957746,23.5915492957746,14.7887323943662,70.1067615658363,20.4918032786885,65.983606557377,38.1147540983607,43.801652892562,70.954356846473,NA
2023-06-05,86.2676056338028,59.2198581560284,13.7323943661972,22.887323943662,23.2394366197183,14.7887323943662,68.3274021352313,19.672131147541,65.1639344262295,38.5245901639344,42.1487603305785,68.4647302904564,NA
2023-06-06,85.8657243816254,58.6572438162544,13.7323943661972,23.321554770318,22.887323943662,15.1943462897526,67.6156583629893,20.0819672131148,64.7540983606557,36.4754098360656,41.7355371900826,69.2946058091286,NA
2023-06-07,85.1063829787234,58.5714285714286,14.0845070422535,23.943661971831,25,14.7887323943662,70.8185053380783,20.9016393442623,64.7540983606557,36.8852459016393,41.7355371900826,70.5394190871369,NA
2023-06-08,84.8056537102474,58.3038869257951,13.7323943661972,23.5915492957746,24.6478873239437,13.7323943661972,71.5302491103203,20.9016393442623,66.3934426229508,36.8852459016393,41.7355371900826,69.2946058091286,NA
2023-06-09,84.8591549295775,59.3639575971731,13.7809187279152,24.0282685512367,25,14.1342756183746,72.2419928825623,19.672131147541,66.8032786885246,37.7049180327869,42.1487603305785,70.954356846473,NA
2023-06-10,86.9718309859155,58.5106382978723,13.7323943661972,23.943661971831,25.3521126760563,14.0845070422535,73.3096085409253,18.8524590163934,64.7540983606557,38.5245901639344,42.5619834710744,70.1244813278008,NA
2023-06-11,86.6197183098592,56.8904593639576,13.7323943661972,25.3521126760563,25.4416961130742,14.4366197183099,72.2419928825623,18.8524590163934,62.2950819672131,37.2950819672131,43.801652892562,72.1991701244813,NA
2023-06-12,86.5724381625442,54.4169611307421,13.7323943661972,25,25.3521126760563,14.1342756183746,72.2419928825623,18.4426229508197,61.0655737704918,34.8360655737705,45.0413223140496,72.6141078838174,NA
2023-06-13,86.9718309859155,55.8303886925795,13.7323943661972,24.2957746478873,24.6478873239437,14.7887323943662,72.5978647686833,18.0327868852459,61.4754098360656,34.8360655737705,46.6942148760331,72.1991701244813,NA
2023-06-14,87.3239436619718,55.6338028169014,12.6760563380282,25,24.2957746478873,15.1408450704225,72.5978647686833,17.6229508196721,61.8852459016393,36.0655737704918,47.1074380165289,73.4439834024896,NA
2023-06-15,87.3239436619718,54.5774647887324,12.6760563380282,24.6478873239437,23.2394366197183,15.1408450704225,72.8571428571429,17.2131147540984,59.0163934426229,36.0655737704918,47.1074380165289,72.6141078838174,NA
2023-06-16,87.3239436619718,54.9295774647887,13.3802816901408,25.7042253521127,25,14.4366197183099,74.7330960854093,17.6229508196721,59.0163934426229,36.4754098360656,48.7603305785124,75.103734439834,NA
2023-06-17,86.6197183098592,54.9295774647887,13.0281690140845,25.7042253521127,25.3521126760563,14.7887323943662,75.4448398576512,17.6229508196721,56.5573770491803,35.2459016393443,46.6942148760331,75.5186721991701,NA
2023-06-18,85.9154929577465,53.8732394366197,13.4275618374558,25.7042253521127,25.7042253521127,14.0845070422535,75.4448398576512,17.6229508196721,55.327868852459,35.655737704918,46.2809917355372,75.5186721991701,NA
2023-06-19,85.1590106007067,53.8732394366197,13.0281690140845,26.056338028169,26.5017667844523,13.7323943661972,76.8683274021352,17.6229508196721,56.5573770491803,34.0163934426229,44.6280991735537,73.4439834024896,NA
2023-06-20,85.1063829787234,52.8169014084507,12.0141342756184,26.4084507042254,26.056338028169,12.7208480565371,76.8683274021352,19.672131147541,57.3770491803279,34.8360655737705,42.5619834710744,74.6887966804979,NA
2023-06-21,85.2112676056338,51.7605633802817,12.3239436619718,26.7605633802817,26.4084507042254,13.0281690140845,75.8007117437722,20.4918032786885,59.0163934426229,34.4262295081967,40.9090909090909,73.8589211618257,NA
2023-06-22,85.2112676056338,52.4647887323944,12.6760563380282,27.112676056338,25.177304964539,12.3239436619718,76.1565836298932,20.4918032786885,59.0163934426229,35.655737704918,40.0826446280992,72.1991701244813,NA
2023-06-23,84.8591549295775,52.4647887323944,12.6760563380282,26.4084507042254,25.7950530035336,11.9718309859155,77.1428571428571,20.4918032786885,57.7868852459016,35.655737704918,40.495867768595,71.3692946058091,NA
2023-06-24,85.1590106007067,52.4647887323944,13.0742049469965,26.4084507042254,26.8551236749117,13.0281690140845,77.5800711743772,21.3114754098361,58.6065573770492,35.655737704918,39.2561983471074,70.1244813278008,NA
2023-06-25,85.2112676056338,52.8169014084507,13.0742049469965,25.3521126760563,28.2685512367491,13.0281690140845,77.2241992882562,21.7213114754098,60.655737704918,36.0655737704918,38.0165289256198,69.7095435684647,NA
2023-06-26,85.5633802816901,52.8169014084507,13.1205673758865,25.3521126760563,28.2685512367491,13.3802816901408,75.7142857142857,21.7213114754098,62.2950819672131,36.8852459016393,36.7768595041322,67.6348547717842,NA
2023-06-27,84.8591549295775,52.6501766784452,13.0742049469965,26.4084507042254,28.6219081272085,14.1342756183746,75.0889679715303,23.3606557377049,63.5245901639344,36.8852459016393,35.1239669421488,66.3900414937759,NA
2023-06-28,84.8591549295775,52.4647887323944,13.4275618374558,26.056338028169,30.7420494699647,13.3802816901408,72.5978647686833,23.3606557377049,64.7540983606557,36.8852459016393,34.7107438016529,66.3900414937759,NA
2023-06-29,84.8591549295775,53.0035335689046,13.7809187279152,26.056338028169,32.5088339222615,12.3239436619718,72.1428571428571,23.3606557377049,63.9344262295082,37.7049180327869,34.297520661157,66.3900414937759,NA
2023-06-30,84.7517730496454,53.7102473498233,13.7323943661972,26.4084507042254,32.6241134751773,12.3239436619718,71.1743772241993,24.1803278688525,65.1639344262295,37.7049180327869,33.4710743801653,66.3900414937759,NA
2023-07-01,84.5070422535211,53.169014084507,12.6760563380282,27.208480565371,32.3943661971831,12.6760563380282,72.5978647686833,23.7704918032787,66.3934426229508,38.5245901639344,32.2314049586777,65.5601659751037,NA
2023-07-02,84.8591549295775,53.5211267605634,12.3239436619718,26.4084507042254,32.7464788732394,13.0281690140845,73.3096085409253,24.1803278688525,66.3934426229508,39.344262295082,31.8181818181818,66.3900414937759,NA
2023-07-03,85.2112676056338,52.4647887323944,11.9718309859155,26.056338028169,32.7464788732394,13.3802816901408,73.2142857142857,24.1803278688525,66.8032786885246,39.7540983606557,31.404958677686,66.804979253112,NA
2023-07-04,84.8591549295775,51.4084507042254,13.0281690140845,25,33.0985915492958,13.0281690140845,71.1743772241993,25,66.3934426229508,39.7540983606557,31.8181818181818,66.804979253112,NA
2023-07-05,86.5248226950355,51.4084507042254,13.7323943661972,25.3521126760563,31.6901408450704,13.3802816901408,71.5302491103203,25,67.2131147540984,39.7540983606557,29.7520661157025,67.6348547717842,NA
2023-07-06,85.9154929577465,50.3521126760563,13.3802816901408,25,32.7464788732394,14.0845070422535,71.8861209964413,24.5901639344262,67.6229508196721,40.1639344262295,28.099173553719,68.4647302904564,NA
2023-07-07,85.8657243816254,50.3521126760563,13.7323943661972,24.2957746478873,34.1549295774648,13.7323943661972,71.8861209964413,25,67.6229508196721,40.1639344262295,29.7520661157025,68.0497925311203,NA
2023-07-08,86.9718309859155,48.5915492957746,13.0281690140845,22.887323943662,34.1549295774648,13.7809187279152,72.9537366548043,26.2295081967213,67.2131147540984,40.1639344262295,30.1652892561983,68.4647302904564,NA
2023-07-09,85.9154929577465,48.2394366197183,13.0742049469965,21.1267605633803,34.1549295774648,13.7323943661972,72.2419928825623,26.6393442622951,67.6229508196721,40.5737704918033,30.5785123966942,68.4647302904564,NA
2023-07-10,86.2676056338028,50,12.3239436619718,19.3661971830986,34.5070422535211,13.3802816901408,70.8185053380783,26.6393442622951,68.8524590163934,41.8032786885246,29.3388429752066,68.8796680497925,NA
2023-07-11,85.5123674911661,51.056338028169,13.0281690140845,18.6619718309859,34.5070422535211,13.7323943661972,70.1067615658363,26.2295081967213,68.4426229508197,41.3934426229508,28.9256198347107,69.2946058091286,NA
2023-07-12,84.1549295774648,51.7605633802817,13.7323943661972,17.6056338028169,35.2112676056338,14.0845070422535,70.1067615658363,27.0491803278689,70.0819672131148,41.8032786885246,28.5123966942149,71.3692946058091,NA
2023-07-13,82.3943661971831,48.2394366197183,14.0845070422535,17.3144876325088,36.0424028268551,14.0845070422535,70.7142857142857,27.4590163934426,71.7213114754098,41.3934426229508,26.4462809917355,71.7842323651452,NA
2023-07-14,82.3943661971831,47.7031802120141,13.3802816901408,14.7887323943662,36.0424028268551,14.4366197183099,72.5978647686833,27.8688524590164,70.4918032786885,41.3934426229508,24.3801652892562,71.7842323651452,NA
2023-07-15,82.7464788732394,48.5915492957746,13.3802816901408,14.7887323943662,36.3957597173145,14.4366197183099,72.5978647686833,26.6393442622951,69.672131147541,41.3934426229508,23.1404958677686,71.7842323651452,NA
2023-07-16,82.7464788732394,49.8233215547703,15.8450704225352,15.4929577464789,36.7491166077738,14.4366197183099,73.3096085409253,27.0491803278689,71.7213114754098,42.2131147540984,23.9669421487603,72.6141078838174,NA
2023-07-17,81.3380281690141,51.5901060070671,15.4929577464789,16.1971830985915,36.7491166077738,14.4366197183099,73.3096085409253,27.8688524590164,72.9508196721311,43.0327868852459,23.9669421487603,73.4439834024896,NA
2023-07-18,81.3380281690141,50.8833922261484,15.4929577464789,16.5492957746479,37.1024734982332,14.0845070422535,74.2857142857143,27.8688524590164,73.7704918032787,42.6229508196721,23.1404958677686,73.4439834024896,NA
2023-07-19,79.2253521126761,49.1166077738516,15.8450704225352,16.1971830985915,36.0424028268551,14.4366197183099,74.0213523131673,28.2786885245902,73.7704918032787,42.6229508196721,23.5537190082645,73.8589211618257,NA
2023-07-20,78.169014084507,50.8833922261484,15.4929577464789,15.1408450704225,36.7491166077738,14.4366197183099,74.3772241992882,28.2786885245902,73.7704918032787,44.2622950819672,23.5537190082645,74.6887966804979,NA
2023-07-21,77.8169014084507,51.9434628975265,15.4929577464789,15.1408450704225,37.1024734982332,14.7887323943662,73.5714285714286,28.2786885245902,75.8196721311475,45.4918032786885,23.9669421487603,75.5186721991701,NA
2023-07-22,77.112676056338,53.1914893617021,15.1408450704225,15.8450704225352,38.86925795053,14.7887323943662,74.7330960854093,29.0983606557377,76.2295081967213,45.0819672131148,24.3801652892562,75.103734439834,NA
2023-07-23,77.8169014084507,52.6501766784452,15.1408450704225,14.8409893992933,38.0281690140845,15.1408450704225,75.4448398576512,29.0983606557377,75.4098360655738,44.672131147541,24.3801652892562,75.103734439834,NA
2023-07-24,77.8169014084507,52.6690391459075,17.2535211267606,16.1971830985915,38.3802816901408,15.4929577464789,72.9537366548043,29.9180327868852,75.4098360655738,45.0819672131148,25.2066115702479,74.6887966804979,NA
2023-07-25,76.3250883392226,51.7605633802817,18.3098591549296,16.9014084507042,38.0281690140845,15.8450704225352,74.0213523131673,30.327868852459,76.6393442622951,45.9016393442623,24.7933884297521,74.2738589211618,NA
2023-07-26,76.241134751773,53.8732394366197,17.2535211267606,16.1971830985915,37.6760563380282,16.1971830985915,73.0215827338129,30.7377049180328,75.8196721311475,46.7213114754098,25.2066115702479,75.103734439834,NA
2023-07-27,76.7605633802817,54.9295774647887,15.1408450704225,15.8450704225352,38.3802816901408,15.8450704225352,71.841155234657,31.1475409836066,73.7704918032787,46.3114754098361,24.7933884297521,75.103734439834,NA
2023-07-28,76.3250883392226,54.9295774647887,15.4929577464789,14.4366197183099,38.3802816901408,15.8450704225352,72.3636363636364,29.9180327868852,72.9508196721311,47.1311475409836,25.2066115702479,76.3485477178423,NA
2023-07-29,76.056338028169,54.9295774647887,15.1408450704225,13.3802816901408,38.3802816901408,15.1408450704225,72,31.5573770491803,73.3606557377049,47.1311475409836,25.2066115702479,75.9336099585062,NA
2023-07-30,76.7605633802817,54.9295774647887,14.7887323943662,13.7323943661972,39.0845070422535,16.5492957746479,71.5328467153285,31.9672131147541,73.3606557377049,47.1311475409836,25.2066115702479,74.6887966804979,NA
2023-07-31,75.2650176678445,54.9295774647887,15.1408450704225,13.3802816901408,39.5759717314488,15.8450704225352,70.9558823529412,31.9672131147541,73.7704918032787,47.5409836065574,24.7933884297521,74.2738589211618,NA
2023-08-01,76.4084507042254,54.5774647887324,14.0845070422535,13.3802816901408,39.4366197183099,16.5492957746479,71.4814814814815,32.3770491803279,73.3606557377049,46.7213114754098,23.1404958677686,74.2738589211618,NA
2023-08-02,77.0318021201413,56.5371024734982,14.4366197183099,12.6760563380282,39.4366197183099,16.1971830985915,72.8301886792453,33.6065573770492,74.1803278688525,47.9508196721311,23.5537190082645,75.103734439834,NA
2023-08-03,76.7605633802817,57.7464788732394,14.0845070422535,12.6760563380282,39.4366197183099,15.4929577464789,72.8301886792453,32.7868852459016,74.5901639344262,48.3606557377049,22.7272727272727,75.9336099585062,NA
2023-08-04,77.4647887323944,57.9505300353357,14.7887323943662,13.3802816901408,38.5159010600707,16.1971830985915,73.5849056603774,34.0163934426229,74.1803278688525,47.9508196721311,22.7272727272727,76.7634854771784,NA
2023-08-05,77.4647887323944,56.3380281690141,15.1408450704225,14.0845070422535,38.1625441696113,16.1971830985915,73.5849056603774,34.0163934426229,74.1803278688525,48.7704918032787,21.4876033057851,76.7634854771784,NA
2023-08-06,76.678445229682,54.2253521126761,14.7887323943662,13.4275618374558,38.5159010600707,16.9014084507042,74.3396226415094,33.6065573770492,73.7704918032787,48.7704918032787,21.900826446281,77.5933609958506,NA
2023-08-07,73.8515901060071,54.9295774647887,13.4275618374558,14.0845070422535,38.5159010600707,18.3098591549296,74.3396226415094,33.6065573770492,72.1311475409836,49.5901639344262,20.2479338842975,76.7634854771784,NA
2023-08-08,73.5915492957746,55.6338028169014,13.7323943661972,11.9718309859155,39.5759717314488,17.6056338028169,72.7272727272727,34.0163934426229,72.5409836065574,49.1803278688525,20.6611570247934,77.5933609958506,NA
2023-08-09,72.887323943662,55.9859154929577,14.4876325088339,11.2676056338028,38.3802816901408,17.9577464788732,72.6235741444867,33.1967213114754,72.9508196721311,50,20.6611570247934,78.0082987551867,NA
2023-08-10,74.5583038869258,55.2816901408451,14.4876325088339,10.5633802816901,35.5633802816901,17.9577464788732,72.9007633587786,34.0163934426229,72.9508196721311,50,19.4214876033058,76.7634854771784,NA
2023-08-11,73.943661971831,55.9859154929577,14.4366197183099,10.5633802816901,35.9154929577465,17.9577464788732,72.9007633587786,32.7868852459016,71.3114754098361,48.7704918032787,19.8347107438017,76.8595041322314,NA
2023-08-12,73.8515901060071,57.7464788732394,14.4876325088339,10.5633802816901,36.2676056338028,17.9577464788732,72.6923076923077,31.1475409836066,70.9016393442623,49.5901639344262,19.8347107438017,77.2727272727273,NA
2023-08-13,74.6478873239437,57.7464788732394,14.8409893992933,8.48056537102473,35.2112676056338,18.6619718309859,73.3590733590734,31.1475409836066,70.9016393442623,50.4098360655738,21.4876033057851,76.3485477178423,NA
2023-08-14,75.2650176678445,57.7464788732394,14.4876325088339,8.45070422535211,34.1549295774648,18.6619718309859,72.8682170542636,31.1475409836066,70.4918032786885,48.3606557377049,19.8347107438017,75,NA
2023-08-15,75,57.7464788732394,15.547703180212,8.45070422535211,32.0422535211268,18.3098591549296,70.8171206225681,30.7377049180328,69.672131147541,47.1311475409836,20.6611570247934,74.2738589211618,NA
2023-08-16,74.2957746478873,58.0985915492958,15.547703180212,8.80281690140845,32.3943661971831,19.0140845070423,72.265625,31.9672131147541,71.3114754098361,47.5409836065574,21.4876033057851,75.103734439834,NA
2023-08-17,76.056338028169,59.5070422535211,16.9611307420495,9.85915492957746,32.3943661971831,18.3098591549296,72.265625,32.3770491803279,71.3114754098361,48.3606557377049,22.7272727272727,75.5186721991701,NA
2023-08-18,75.3521126760563,59.1549295774648,17.6056338028169,7.74647887323944,32.7464788732394,20.0704225352113,73.046875,34.0163934426229,68.8524590163934,50,22.3140495867769,75.8333333333333,NA
2023-08-19,76.7605633802817,60.2112676056338,17.9577464788732,8.45070422535211,33.8028169014084,20.0704225352113,74.21875,34.4262295081967,69.672131147541,49.5901639344262,23.5537190082645,77.0833333333333,NA
2023-08-20,76.8683274021352,60.2112676056338,20.0704225352113,8.45070422535211,34.5070422535211,20.7746478873239,74.21875,36.0655737704918,68.8524590163934,50,23.9669421487603,76.6666666666667,NA
2023-08-21,77.112676056338,61.6197183098592,20.0704225352113,8.80281690140845,34.1549295774648,20.0704225352113,73.4375,36.0655737704918,68.8524590163934,50,23.5537190082645,76.7634854771784,NA
2023-08-22,77.112676056338,61.9718309859155,19.3661971830986,9.15492957746479,34.1549295774648,20.0704225352113,73.046875,36.4754098360656,69.2622950819672,50.4098360655738,23.9669421487603,76.7634854771784,NA
2023-08-23,76.4084507042254,60.4240282685512,20.0704225352113,9.50704225352113,32.7464788732394,20.0704225352113,72.9411764705882,35.655737704918,69.2622950819672,50.8196721311475,24.7933884297521,77.5933609958506,NA
2023-08-24,77.112676056338,60.9154929577465,19.3661971830986,9.85915492957746,32.6241134751773,21.2014134275618,74.5098039215686,37.2950819672131,70.4918032786885,50.8196721311475,24.7933884297521,77.5933609958506,NA
2023-08-25,76.056338028169,61.6197183098592,18.3098591549296,9.15492957746479,31.6901408450704,21.2014134275618,75.2941176470588,37.2950819672131,71.3114754098361,50.4098360655738,25.2066115702479,77.5933609958506,NA
2023-08-26,74.9116607773852,62.3239436619718,18.0212014134276,8.45070422535211,31.6901408450704,21.830985915493,76.3779527559055,36.8852459016393,71.3114754098361,50.8196721311475,24.3801652892562,78.0082987551867,NA
2023-08-27,74.2957746478873,64.0845070422535,17.6678445229682,8.80281690140845,31.3380281690141,22.5352112676056,77.4703557312253,38.9344262295082,70.9016393442623,50.8196721311475,23.9669421487603,77.9166666666667,NA
2023-08-28,75,65.1408450704225,18.0212014134276,9.18727915194346,32.7464788732394,23.2394366197183,77.0750988142292,38.1147540983607,72.1311475409836,50,24.3801652892562,77.9166666666667,NA
2023-08-29,75,65.8450704225352,18.3745583038869,9.15492957746479,32.7464788732394,24.2957746478873,76.2845849802372,38.1147540983607,72.1311475409836,48.7704918032787,24.7933884297521,78.4232365145228,NA
2023-08-30,75.3521126760563,64.4366197183099,19.7879858657244,9.50704225352113,31.6901408450704,23.943661971831,75.8893280632411,38.9344262295082,72.1311475409836,47.9508196721311,25.6198347107438,78.4232365145228,NA
2023-08-31,75.3521126760563,66.1971830985916,19.7879858657244,10.2112676056338,30.2816901408451,24.2957746478873,76.8924302788845,40.5737704918033,71.7213114754098,48.3606557377049,26.4462809917355,78.4232365145228,NA
2023-09-01,75.3521126760563,65.8450704225352,20.6405693950178,10.5633802816901,28.5211267605634,26.056338028169,78.0876494023904,38.9344262295082,72.9508196721311,49.1803278688525,26.8595041322314,78.4232365145228,NA
2023-09-02,75.3521126760563,65.4929577464789,21.2014134275618,9.85915492957746,29.2253521126761,25.7042253521127,77.6892430278885,39.7540983606557,74.1803278688525,49.7942386831276,28.099173553719,78.3333333333333,NA
2023-09-03,73.943661971831,64.4366197183099,21.9081272084806,9.85915492957746,28.5211267605634,25.7042253521127,76.4940239043825,39.7540983606557,75.8196721311475,50.6172839506173,27.6859504132231,78.3333333333333,NA
2023-09-04,73.5915492957746,64.7887323943662,21.1267605633803,9.85915492957746,28.5211267605634,25.3521126760563,76.0956175298805,40.5737704918033,73.7704918032787,50.6172839506173,28.099173553719,77.9166666666667,NA
2023-09-05,73.4982332155477,65.1408450704225,21.1267605633803,9.85915492957746,29.3286219081272,26.056338028169,78.4860557768924,40.9836065573771,75,51.440329218107,27.2727272727273,77.9166666666667,NA
2023-09-06,74.6478873239437,66.1971830985916,21.1267605633803,10.9154929577465,30.9859154929577,26.056338028169,78.4860557768924,40.9836065573771,76.6393442622951,51.440329218107,27.6859504132231,77.0833333333333,NA
2023-09-07,73.8515901060071,65.8450704225352,21.1267605633803,10.9540636042403,31.095406360424,26.5017667844523,78.4860557768924,40.9836065573771,75,51.8518518518519,28.5123966942149,75.4166666666667,NA
2023-09-08,74.2957746478873,65.8450704225352,20.0704225352113,10.5633802816901,31.6901408450704,26.4084507042254,75.2988047808765,41.3934426229508,76.6393442622951,51.0288065843621,27.6859504132231,75,NA
2023-09-09,73.5915492957746,65.8450704225352,19.1489361702128,10.5633802816901,30.9859154929577,27.112676056338,72.9083665338645,41.3934426229508,76.6393442622951,51.0288065843621,27.2727272727273,75,NA
2023-09-10,73.5915492957746,66.1971830985916,19.0140845070423,11.2676056338028,31.3380281690141,27.112676056338,73.7051792828685,41.8032786885246,77.0491803278689,50.6172839506173,26.8595041322314,74.5833333333333,NA
2023-09-11,73.943661971831,66.5492957746479,19.3661971830986,11.2676056338028,30.9859154929577,28.169014084507,73.7051792828685,41.8032786885246,77.0491803278689,50.6172839506173,25.6198347107438,75,NA
2023-09-12,74.5583038869258,66.1971830985916,19.0140845070423,11.2676056338028,31.095406360424,27.4647887323944,73.7051792828685,41.8032786885246,77.8688524590164,52.2633744855967,25.6198347107438,75,NA
2023-09-13,75.7042253521127,66.1971830985916,19.0140845070423,11.2676056338028,29.5774647887324,27.4647887323944,73.3067729083665,42.2131147540984,77.8688524590164,53.0864197530864,24.7933884297521,74.1666666666667,NA
2023-09-14,75,66.1971830985916,17.9577464788732,10.9540636042403,27.5618374558304,27.8169014084507,69.3227091633466,43.8524590163934,78.2786885245902,52.6748971193416,24.7933884297521,72.9166666666667,NA
2023-09-15,73.943661971831,65.4929577464789,16.5492957746479,11.2676056338028,26.5017667844523,26.4084507042254,68.5258964143426,41.8032786885246,77.0491803278689,53.0864197530864,23.9669421487603,71.6666666666667,NA
2023-09-16,75,65.4929577464789,17.2535211267606,11.6197183098592,24.1992882562278,27.4647887323944,69.0763052208835,43.0327868852459,78.2786885245902,54.7325102880658,23.9669421487603,72.0833333333333,NA
2023-09-17,74.2957746478873,65.8450704225352,16.1971830985915,11.3074204946996,23.321554770318,28.2685512367491,69.4779116465863,44.672131147541,79.0983606557377,55.5555555555556,23.9669421487603,72.5,NA
2023-09-18,73.8515901060071,66.9014084507042,16.1971830985915,10.6007067137809,19.7879858657244,26.7605633802817,69.8795180722892,44.672131147541,79.9180327868852,54.7325102880658,25.2066115702479,73.3333333333333,NA
2023-09-19,73.4042553191489,68.3098591549296,17.2535211267606,9.85915492957746,20.4946996466431,26.7605633802817,71.4859437751004,46.7213114754098,81.5573770491803,54.320987654321,24.3801652892562,74.5833333333333,NA
2023-09-20,76.056338028169,69.0140845070423,17.2535211267606,10.9154929577465,20.5673758865248,27.5618374558304,70.281124497992,47.5409836065574,80.7377049180328,55.1440329218107,24.7933884297521,75.4166666666667,NA
2023-09-21,76.056338028169,68.904593639576,17.2535211267606,11.9718309859155,21.2765957446809,27.208480565371,70.6827309236948,47.5409836065574,79.9180327868852,55.1440329218107,25.2066115702479,76.25,NA
2023-09-22,75.6183745583039,69.0140845070423,17.9577464788732,12.6760563380282,19.7183098591549,27.112676056338,70.6827309236948,48.3606557377049,79.0983606557377,54.320987654321,25.2066115702479,76.6666666666667,NA
2023-09-23,75.7042253521127,68.3098591549296,17.6678445229682,11.9718309859155,20.4225352112676,28.169014084507,71.4859437751004,48.3606557377049,79.5081967213115,53.9094650205761,24.7933884297521,77.9166666666667,NA
2023-09-24,76.678445229682,66.9014084507042,17.6678445229682,11.9718309859155,20.4946996466431,28.6219081272085,71.8875502008032,48.3606557377049,78.2786885245902,52.6748971193416,26.0330578512397,76.6666666666667,NA
2023-09-25,77.112676056338,66.5492957746479,17.6678445229682,13.0281690140845,22.887323943662,29.5774647887324,71.8875502008032,47.9508196721311,77.4590163934426,51.8518518518519,25.6198347107438,76.6666666666667,NA
2023-09-26,78.169014084507,64.7887323943662,18.6619718309859,14.0845070422535,23.2394366197183,30.2816901408451,72.289156626506,48.3606557377049,78.2786885245902,51.440329218107,24.3801652892562,77.0833333333333,NA
2023-09-27,78.7985865724382,63.3802816901408,19.0140845070423,14.0845070422535,24.7349823321555,30.2816901408451,71.8875502008032,48.3606557377049,77.8688524590164,49.7942386831276,24.7933884297521,76.25,NA
2023-09-28,79.2253521126761,63.7323943661972,18.6619718309859,14.7887323943662,25.4416961130742,31.3380281690141,72.6907630522088,47.9508196721311,79.0983606557377,50.6172839506173,24.7933884297521,74.1666666666667,NA
2023-09-29,79.5774647887324,63.0281690140845,18.6619718309859,13.7809187279152,26.4084507042254,30.3886925795053,72.289156626506,48.3606557377049,78.2786885245902,51.0288065843621,25.6198347107438,72.5,NA
2023-09-30,80.2120141342756,63.7323943661972,19.0140845070423,13.7809187279152,27.8169014084507,30.6338028169014,71.8875502008032,47.5409836065574,79.0983606557377,51.440329218107,26.0330578512397,73.3333333333333,NA
2023-10-01,80.2816901408451,63.9575971731449,18.7279151943463,14.1342756183746,29.5774647887324,29.9295774647887,71.4859437751004,49.1803278688525,79.0983606557377,49.7942386831276,26.8595041322314,70.8333333333333,NA
2023-10-02,81.5602836879433,65.1408450704225,19.0812720848057,14.4366197183099,30.2491103202847,30.6338028169014,71.8875502008032,50.8196721311475,78.2786885245902,46.0905349794239,24.7933884297521,71.6666666666667,NA
2023-10-03,81.2056737588652,64.4366197183099,18.7279151943463,14.7887323943662,28.169014084507,32.7464788732394,70.6827309236948,52.0491803278689,79.0983606557377,43.6213991769547,25.2066115702479,72.0833333333333,NA
2023-10-04,81.6901408450704,62.6760563380282,18.6619718309859,14.1342756183746,27.8169014084507,33.0985915492958,72.6907630522088,52.8688524590164,78.6885245901639,42.3868312757202,21.900826446281,72.0833333333333,NA
2023-10-05,81.6901408450704,63.2508833922262,17.9577464788732,14.4366197183099,27.4647887323944,33.8028169014084,71.8875502008032,52.8688524590164,79.9180327868852,41.1522633744856,21.0743801652893,71.6666666666667,NA
2023-10-06,82.0422535211268,64.0845070422535,17.9577464788732,14.1843971631206,25.3521126760563,35.2112676056338,72.289156626506,52.4590163934426,79.9180327868852,40.7407407407407,21.900826446281,74.1666666666667,NA
2023-10-07,82.7464788732394,64.0845070422535,18.0212014134276,13.3802816901408,25.7042253521127,36.5248226950355,73.4939759036145,51.6393442622951,79.9180327868852,40.7407407407407,21.4876033057851,74.5833333333333,NA
2023-10-08,83.8028169014084,64.0845070422535,17.6678445229682,12.3239436619718,26.4084507042254,36.9718309859155,73.4939759036145,52.0491803278689,79.5081967213115,41.5637860082305,20.6611570247934,75.8333333333333,NA
2023-10-09,83.4507042253521,61.6197183098592,17.3758865248227,10.2112676056338,25,37.3239436619718,74.2971887550201,52.8688524590164,79.5081967213115,40.7407407407407,21.4876033057851,75.4166666666667,NA
2023-10-10,83.4507042253521,59.8591549295775,16.6077738515901,10.6007067137809,25.0883392226148,37.4558303886926,75.3036437246964,52.0491803278689,78.2786885245902,41.5637860082305,21.4876033057851,75.4166666666667,NA
2023-10-11,83.7455830388693,59.1549295774648,17.6678445229682,9.85915492957746,25.7042253521127,36.9718309859155,75.3036437246964,52.0491803278689,79.5081967213115,41.1522633744856,21.4876033057851,75.8333333333333,NA
2023-10-12,84.1549295774648,59.1549295774648,18.0212014134276,8.48056537102473,26.5017667844523,36.6197183098592,76.5182186234818,50.8196721311475,79.5081967213115,41.5637860082305,21.900826446281,76.6666666666667,NA
2023-10-13,84.5070422535211,59.1549295774648,17.2535211267606,8.45070422535211,28.169014084507,36.6197183098592,76.5182186234818,50.8196721311475,79.5081967213115,41.1522633744856,23.1404958677686,77.5,NA
2023-10-14,84.3971631205674,56.3380281690141,16.5492957746479,8.12720848056537,29.2253521126761,34.2756183745583,76.9230769230769,48.7704918032787,78.6885245901639,41.1522633744856,23.5537190082645,78.75,NA
2023-10-15,83.7455830388693,54.9295774647887,16.5492957746479,8.45070422535211,28.8732394366197,33.4507042253521,76.5182186234818,48.7704918032787,77.4590163934426,40.7407407407407,24.3801652892562,75,NA
2023-10-16,85.5633802816901,55.9859154929577,17.2535211267606,9.85915492957746,30.7420494699647,35.5633802816901,79.7570850202429,51.2295081967213,77.4590163934426,41.1522633744856,25.6198347107438,75.8333333333333,NA
2023-10-17,85.2112676056338,56.3380281690141,17.6056338028169,9.85915492957746,30.6338028169014,34.5070422535211,80.1619433198381,50.8196721311475,75.4098360655738,40.7407407407407,26.8595041322314,76.25,NA
2023-10-18,86.2676056338028,55.6338028169014,17.2535211267606,10.2112676056338,30.6338028169014,34.8591549295775,80.1619433198381,51.6393442622951,73.7704918032787,41.5637860082305,28.099173553719,75.4166666666667,NA
2023-10-19,86.9718309859155,54.2253521126761,17.6056338028169,10.2112676056338,32.3943661971831,35.5633802816901,79.7570850202429,51.6393442622951,71.7213114754098,41.9753086419753,29.7520661157025,75.4166666666667,NA
2023-10-20,86.2676056338028,53.356890459364,18.0212014134276,10.5633802816901,32.7464788732394,36.2676056338028,80.5668016194332,52.8688524590164,67.2131147540984,43.6213991769547,28.5123966942149,75.4166666666667,NA
2023-10-21,86.9718309859155,50.530035335689,18.3745583038869,10.9540636042403,33.8028169014084,36.9718309859155,80.9716599190283,53.6885245901639,65.1639344262295,44.0329218106996,28.5123966942149,72.5,NA
2023-10-22,85.9154929577465,50,17.6056338028169,12.3239436619718,34.8591549295775,37.3239436619718,80.1619433198381,54.9180327868852,61.8852459016393,44.8559670781893,31.404958677686,71.25,NA
2023-10-23,85.9154929577465,49.6478873239437,17.2535211267606,11.9718309859155,34.1549295774648,36.2676056338028,80.9716599190283,56.9672131147541,58.1967213114754,41.9753086419753,31.8181818181818,70.4166666666667,NA
2023-10-24,86.9718309859155,48.943661971831,17.6056338028169,11.2676056338028,34.5070422535211,35.9154929577465,80.9716599190283,56.5573770491803,57.3770491803279,41.1522633744856,32.2314049586777,72.9166666666667,NA
2023-10-25,87.3239436619718,48.5915492957746,17.9577464788732,12.0141342756184,35.2112676056338,36.6197183098592,81.7813765182186,56.9672131147541,57.7868852459016,40.7407407407407,33.0578512396694,72.5,NA
2023-10-26,86.6197183098592,48.0565371024735,17.6056338028169,13.0281690140845,35.2112676056338,36.6197183098592,82.1862348178138,58.1967213114754,56.9672131147541,39.0946502057613,34.7107438016529,73.3333333333333,NA
2023-10-27,85.9154929577465,48.5915492957746,16.9014084507042,13.7323943661972,35.5633802816901,36.9718309859155,82.1862348178138,59.4262295081967,56.1475409836066,38.6831275720165,35.5371900826446,73.75,NA
2023-10-28,85.9154929577465,48.7632508833922,16.9014084507042,15.1408450704225,34.982332155477,39.0845070422535,81.7813765182186,59.4262295081967,56.1475409836066,37.8600823045267,35.1239669421488,74.1666666666667,NA
2023-10-29,86.9718309859155,49.2957746478873,17.2535211267606,15.8450704225352,35.9154929577465,39.4366197183099,81.7813765182186,57.3770491803279,55.7377049180328,37.4485596707819,35.5371900826446,75,NA
2023-10-30,86.9257950530035,48.2394366197183,19.0140845070423,16.9014084507042,36.9718309859155,39.4366197183099,82.9959514170041,56.9672131147541,57.3770491803279,37.037037037037,35.5371900826446,76.25,NA
2023-10-31,87.6760563380282,47.887323943662,18.6619718309859,17.9577464788732,36.9718309859155,39.7887323943662,84.2105263157895,56.9672131147541,59.0163934426229,38.2716049382716,35.9504132231405,76.25,NA
2023-11-01,86.6197183098592,48.2394366197183,18.6619718309859,19.0812720848057,38.3802816901408,39.7887323943662,84.6153846153846,57.3770491803279,56.5573770491803,38.6831275720165,32.6446280991736,75.4166666666667,NA
2023-11-02,86.9718309859155,47.8723404255319,19.3661971830986,18.6619718309859,37.6760563380282,39.7887323943662,84.2105263157895,57.3770491803279,52.0491803278689,39.0946502057613,30.5785123966942,75.4166666666667,NA
2023-11-03,86.6197183098592,46.830985915493,18.6619718309859,16.5492957746479,38.1625441696113,39.5759717314488,85.0202429149798,58.1967213114754,46.7213114754098,39.5061728395062,29.3388429752066,74.1666666666667,NA
2023-11-04,84.1549295774648,46.4788732394366,15.8450704225352,13.7323943661972,38.3802816901408,40.4929577464789,83.8056680161943,57.3770491803279,45.0819672131148,40.7407407407407,29.3388429752066,70.8333333333333,NA
2023-11-05,82.3943661971831,45.7746478873239,14.0845070422535,11.6197183098592,38.7323943661972,38.7323943661972,82.9959514170041,56.5573770491803,43.0327868852459,41.1522633744856,32.2314049586777,72.5,NA
2023-11-06,80.565371024735,45.4225352112676,13.7323943661972,11.2676056338028,40.4929577464789,37.6760563380282,84.6153846153846,56.9672131147541,43.4426229508197,41.1522633744856,30.1652892561983,72.5,NA
2023-11-07,79.9295774647887,45.7746478873239,13.7809187279152,11.2676056338028,40.6360424028269,36.9718309859155,84.6153846153846,56.1475409836066,43.0327868852459,41.9753086419753,30.1652892561983,73.75,NA
2023-11-08,79.2253521126761,45.0704225352113,11.660777385159,10.9154929577465,41.1971830985916,36.9718309859155,84.2105263157895,56.5573770491803,42.6229508196721,42.3868312757202,31.8181818181818,73.75,NA
2023-11-09,80.6338028169014,45.4225352112676,12.3239436619718,10.5633802816901,41.9014084507042,36.3957597173145,85.4251012145749,56.1475409836066,43.4426229508197,42.3868312757202,32.2314049586777,72.9166666666667,NA
2023-11-10,80.6338028169014,43.6619718309859,11.9718309859155,11.6197183098592,41.9014084507042,36.3957597173145,85.82995951417,55.327868852459,43.0327868852459,43.6213991769547,32.6446280991736,72.9166666666667,NA
2023-11-11,81.3380281690141,44.0140845070423,12.3239436619718,10.9540636042403,42.6056338028169,33.8028169014084,82.9959514170041,54.5081967213115,42.2131147540984,42.3868312757202,33.4710743801653,72.9166666666667,NA
2023-11-12,82.0422535211268,44.7183098591549,12.3239436619718,10.9154929577465,42.9577464788732,34.1549295774648,78.9473684210526,54.0983606557377,40.9836065573771,44.4444444444444,33.8842975206612,72.9166666666667,NA
2023-11-13,82.0422535211268,44.7183098591549,12.6760563380282,11.9718309859155,43.6619718309859,34.1549295774648,78.9473684210526,53.6885245901639,40.9836065573771,44.8559670781893,36.3636363636364,73.3333333333333,NA
2023-11-14,81.6901408450704,44.3661971830986,13.8297872340426,10.9154929577465,44.0140845070423,34.1549295774648,79.7570850202429,54.0983606557377,39.7540983606557,45.2674897119342,36.7768595041322,73.3333333333333,NA
2023-11-15,82.3943661971831,43.4628975265018,13.0281690140845,9.85915492957746,42.6056338028169,34.6289752650177,78.5425101214575,53.6885245901639,38.1147540983607,43.6213991769547,36.7768595041322,70.8333333333333,NA
2023-11-16,83.0985915492958,44.3661971830986,14.7887323943662,8.80281690140845,43.4628975265018,34.1549295774648,78.9473684210526,54.9180327868852,38.1147540983607,46.5020576131687,40.0826446280992,70.8333333333333,NA
2023-11-17,83.0985915492958,44.3661971830986,13.7323943661972,8.09859154929577,43.6619718309859,33.8028169014084,79.3522267206478,56.1475409836066,38.9344262295082,47.3251028806584,40.9090909090909,70.4166666666667,NA
2023-11-18,83.4507042253521,44.7183098591549,12.3239436619718,8.09859154929577,44.7183098591549,34.8591549295775,80.1619433198381,56.5573770491803,38.9344262295082,48.9711934156379,42.9752066115703,70.8333333333333,NA
2023-11-19,83.8028169014084,46.4788732394366,11.6197183098592,7.74647887323944,45.7746478873239,34.1549295774648,80.9716599190283,55.7377049180328,38.5245901639344,49.7942386831276,43.3884297520661,71.6666666666667,NA
2023-11-20,83.8028169014084,46.830985915493,11.6197183098592,7.74647887323944,40.9893992932862,32.8621908127208,81.3765182186235,56.5573770491803,39.7540983606557,49.7942386831276,43.801652892562,72.9166666666667,NA
2023-11-21,83.4507042253521,47.5352112676056,11.9718309859155,8.48056537102473,39.2226148409894,31.3380281690141,81.7813765182186,56.9672131147541,38.9344262295082,50.6172839506173,42.5619834710744,69.5833333333333,NA
2023-11-22,83.8028169014084,48.5915492957746,13.0281690140845,9.50704225352113,39.5759717314488,29.5774647887324,81.7813765182186,59.8360655737705,38.1147540983607,51.0288065843621,44.2148760330578,68.3333333333333,NA
2023-11-23,84.5070422535211,49.469964664311,13.3802816901408,9.50704225352113,39.9293286219081,29.2253521126761,81.7813765182186,60.2459016393443,36.4754098360656,52.6748971193416,46.2809917355372,69.1666666666667,NA
2023-11-24,84.8591549295775,50.3521126760563,13.7323943661972,9.85915492957746,39.2226148409894,28.8732394366197,82.5910931174089,59.8360655737705,37.2950819672131,53.0864197530864,46.6942148760331,67.9166666666667,NA
2023-11-25,84.5070422535211,51.056338028169,13.7323943661972,10.6007067137809,38.1625441696113,29.5774647887324,80.9716599190283,57.7868852459016,37.7049180327869,53.9094650205761,46.6942148760331,68.3333333333333,NA
2023-11-26,84.8591549295775,50.3521126760563,14.0845070422535,10.5633802816901,40.1408450704225,29.5774647887324,80.1619433198381,59.0163934426229,38.9344262295082,55.5555555555556,45.4545454545455,70,NA
2023-11-27,85.2112676056338,47.887323943662,14.0845070422535,9.85915492957746,39.2226148409894,30.2816901408451,78.9473684210526,60.2459016393443,36.8852459016393,54.7325102880658,44.2148760330578,67.5,NA
2023-11-28,85.5633802816901,47.887323943662,14.0845070422535,9.18727915194346,40.9893992932862,29.9295774647887,76.9230769230769,60.655737704918,37.7049180327869,55.1440329218107,47.9338842975207,66.6666666666667,NA
2023-11-29,85.9154929577465,47.887323943662,14.0845070422535,8.80281690140845,43.8162544169611,30.6338028169014,76.1133603238866,60.655737704918,36.4754098360656,57.201646090535,49.1735537190083,67.5,NA
2023-11-30,86.2676056338028,49.6478873239437,13.3802816901408,9.50704225352113,43.1095406360424,32.3943661971831,76.1133603238866,61.4754098360656,36.8852459016393,57.6131687242798,47.9338842975207,68.75,NA
2023-12-01,86.5724381625442,50.1766784452297,15.1943462897526,10.9154929577465,42.5531914893617,33.8028169014084,75.3036437246964,61.0655737704918,35.655737704918,57.6131687242798,46.2809917355372,69.5833333333333,NA
2023-12-02,86.9718309859155,50.7042253521127,15.547703180212,11.2676056338028,42.6056338028169,34.8591549295775,76.1133603238866,56.9672131147541,36.4754098360656,58.0246913580247,45.4545454545455,70.4166666666667,NA
2023-12-03,86.9718309859155,49.2957746478873,16.1971830985915,12.6760563380282,43.6619718309859,35.5633802816901,76.1133603238866,54.0983606557377,36.4754098360656,57.201646090535,45.0413223140496,70.4166666666667,NA
2023-12-04,86.6197183098592,47.5352112676056,16.1971830985915,13.3802816901408,45.0704225352113,36.9718309859155,76.9230769230769,53.2786885245902,35.655737704918,55.1440329218107,39.6694214876033,71.25,NA
2023-12-05,85.5633802816901,44.5229681978799,16.6077738515901,14.4366197183099,46.1267605633803,37.3239436619718,77.7327935222672,53.6885245901639,36.4754098360656,56.7901234567901,35.9504132231405,71.6666666666667,NA
2023-12-06,85.9154929577465,44.7183098591549,18.6619718309859,15.4929577464789,47.1830985915493,39.0845070422535,78.1376518218623,54.0983606557377,36.4754098360656,56.7901234567901,33.0578512396694,71.25,NA
2023-12-07,84.8591549295775,42.6056338028169,20.0704225352113,16.9014084507042,48.2394366197183,39.7887323943662,79.3522267206478,53.2786885245902,38.5245901639344,55.5555555555556,31.404958677686,72.5,NA
2023-12-08,84.8591549295775,44.7183098591549,20.4225352112676,18.6619718309859,48.5915492957746,40.8450704225352,79.7570850202429,54.0983606557377,37.7049180327869,56.3786008230453,30.5785123966942,72.0833333333333,NA
2023-12-09,84.452296819788,44.7183098591549,20.0704225352113,18.3098591549296,49.2957746478873,40.8450704225352,78.1376518218623,52.8688524590164,35.655737704918,56.3786008230453,30.5785123966942,72.0833333333333,NA
2023-12-10,83.0985915492958,44.0140845070423,21.830985915493,18.6619718309859,50,41.1971830985916,73.6842105263158,52.8688524590164,36.0655737704918,55.5555555555556,26.8595041322314,72.9166666666667,NA
2023-12-11,82.7464788732394,43.6619718309859,22.887323943662,19.0812720848057,50.3521126760563,41.9014084507042,68.0161943319838,52.4590163934426,34.8360655737705,54.320987654321,27.6859504132231,74.1666666666667,NA
2023-12-12,80.565371024735,44.5229681978799,23.5915492957746,19.7879858657244,51.7605633802817,42.9577464788732,66.3967611336032,52.0491803278689,31.5573770491803,52.6748971193416,25.6198347107438,74.1666666666667,NA
2023-12-13,80.2120141342756,43.6619718309859,23.943661971831,19.7183098591549,52.112676056338,44.0140845070423,64.3724696356275,51.2295081967213,29.5081967213115,52.2633744855967,25.2066115702479,74.5833333333333,NA
2023-12-14,79.5053003533569,40.2826855123675,25.3521126760563,19.3661971830986,52.6501766784452,44.7183098591549,63.5627530364373,52.8688524590164,29.9180327868852,51.0288065843621,26.4462809917355,75.8333333333333,NA
2023-12-15,77.7385159010601,38.0281690140845,26.4084507042254,21.1267605633803,52.8169014084507,44.7183098591549,62.3481781376518,52.8688524590164,29.5081967213115,49.3827160493827,28.099173553719,75,NA
2023-12-16,74.2049469964664,38.0281690140845,26.7605633802817,21.830985915493,55.6338028169014,46.1267605633803,62.3481781376518,52.8688524590164,29.0983606557377,48.1481481481481,30.1652892561983,76.25,NA
2023-12-17,69.1489361702128,37.1024734982332,27.8169014084507,19.434628975265,55.8303886925795,47.887323943662,63.9676113360324,52.0491803278689,27.8688524590164,48.1481481481481,30.5785123966942,76.6666666666667,NA
2023-12-18,65.8450704225352,36.6197183098592,27.112676056338,16.1971830985915,55.9859154929577,49.1166077738516,64.7773279352227,52.0491803278689,27.8688524590164,48.559670781893,32.6446280991736,75.8333333333333,NA
2023-12-19,65.3710247349823,36.2676056338028,26.056338028169,15.1408450704225,55.9859154929577,48.5915492957746,64.7773279352227,51.6393442622951,26.6393442622951,48.559670781893,35.9504132231405,76.25,NA
2023-12-20,65.3710247349823,35.9154929577465,24.6478873239437,14.4366197183099,57.0422535211268,49.6478873239437,65.1821862348178,51.2295081967213,25.4098360655738,48.559670781893,36.7768595041322,76.25,NA
2023-12-21,64.3109540636042,36.2676056338028,24.6478873239437,15.1408450704225,57.7464788732394,50.7042253521127,65.587044534413,49.5901639344262,25,48.9711934156379,36.3636363636364,76.25,NA
2023-12-22,64.6643109540636,35.5633802816901,23.943661971831,14.4366197183099,58.4507042253521,50.3521126760563,65.9919028340081,47.1311475409836,24.5901639344262,46.0905349794239,38.8429752066116,72.9166666666667,NA
2023-12-23,64.3109540636042,35.6890459363958,23.5915492957746,15.1408450704225,58.4507042253521,51.7605633802817,66.3967611336032,44.672131147541,25.4098360655738,43.6213991769547,38.8429752066116,69.5833333333333,NA
2023-12-24,63.6042402826855,35.9154929577465,20.7746478873239,15.4929577464789,58.8028169014084,52.112676056338,66.8016194331984,43.4426229508197,24.5901639344262,42.3868312757202,40.495867768595,65.8333333333333,NA
2023-12-25,64.0845070422535,36.2676056338028,17.9577464788732,16.1971830985915,58.8028169014084,53.169014084507,65.9919028340081,43.0327868852459,25,41.5637860082305,40.9090909090909,64.1666666666667,NA
2023-12-26,64.6643109540636,36.6197183098592,14.4366197183099,16.9014084507042,58.8028169014084,53.169014084507,65.587044534413,43.0327868852459,24.1803278688525,41.1522633744856,40.9090909090909,64.5833333333333,NA
2023-12-27,66.4310954063604,36.2676056338028,14.0845070422535,16.5492957746479,58.8028169014084,54.5774647887324,65.1821862348178,43.4426229508197,22.5409836065574,37.8600823045267,40.0826446280992,65,NA
2023-12-28,66.4310954063604,35.5633802816901,12.3239436619718,13.0281690140845,58.4507042253521,54.2253521126761,66.8016194331984,43.8524590163934,22.5409836065574,36.6255144032922,32.2314049586777,63.75,NA
2023-12-29,66.7844522968198,34.1549295774648,14.0845070422535,16.1971830985915,60.2112676056338,54.5774647887324,66.3967611336032,45.9016393442623,22.1311475409836,37.8600823045267,27.6859504132231,62.9166666666667,NA
2023-12-30,65.017667844523,35.2112676056338,14.4366197183099,16.1971830985915,59.5070422535211,54.5774647887324,63.9676113360324,47.5409836065574,22.1311475409836,37.8600823045267,26.0330578512397,62.0833333333333,NA
2023-12-31,63.6042402826855,33.8028169014084,14.0845070422535,15.8450704225352,60.5633802816901,55.2816901408451,60.7287449392713,48.7704918032787,22.5409836065574,36.2139917695473,26.4462809917355,63.75,NA
