,time,latitude,longitude,frpfire,fire_range
823076,2023-07-03T00:00:00,67.15,227.65,4.091899593979875,1-5
829536,2023-07-03T00:00:00,66.95,153.65,2.988235743555684,1-5
829537,2023-07-03T00:00:00,66.95,153.75,1.2602845825135631,1-5
829539,2023-07-03T00:00:00,66.95,153.95,15.498133751049513,10-50
829540,2023-07-03T00:00:00,66.95,154.05,6.152852778856879,5-10
833135,2023-07-03T00:00:00,66.85,153.55,2.466410594117722,1-5
833136,2023-07-03T00:00:00,66.85,153.65,5.247526397573903,5-10
833138,2023-07-03T00:00:00,66.85,153.85,1.1951479229063011,1-5
833139,2023-07-03T00:00:00,66.85,153.95,1.3722610872316672,1-5
833140,2023-07-03T00:00:00,66.85,154.05,5.476602515069111,5-10
836740,2023-07-03T00:00:00,66.75,154.05,4.017980463414329,1-5
840286,2023-07-03T00:00:00,66.65,148.65,3.7662162959435577,1-5
840287,2023-07-03T00:00:00,66.65,148.75,6.253851194877129,5-10
843887,2023-07-03T00:00:00,66.55,148.75,1.135866243937894,1-5
851178,2023-07-03T00:00:00,66.35,157.85,9.8619830135716,5-10
851179,2023-07-03T00:00:00,66.35,157.95,5.377067844208575,5-10
851180,2023-07-03T00:00:00,66.35,158.05,2.356629707139188,1-5
854779,2023-07-03T00:00:00,66.25,157.95,1.5318093096404723,1-5
872744,2023-07-03T00:00:00,65.75,154.45,6.060636833794909,5-10
872745,2023-07-03T00:00:00,65.75,154.55,5.588579019787215,5-10
876344,2023-07-03T00:00:00,65.65,154.45,1.2332052970588592,1-5
887112,2023-07-03T00:00:00,65.35,151.25,4.8896407060238865,1-5
901545,2023-07-03T00:00:00,64.95,154.55,1.5837722628103101,1-5
901547,2023-07-03T00:00:00,64.95,154.75,13.144431534229753,10-50
902347,2023-07-03T00:00:00,64.95,234.75,7.582199927317387,5-10
905147,2023-07-03T00:00:00,64.85,154.75,2.1216986090051257,1-5
905148,2023-07-03T00:00:00,64.85,154.85,2.4942217521522814,1-5
905947,2023-07-03T00:00:00,64.85,234.75,1.321030006641685,1-5
915972,2023-07-03T00:00:00,64.55,157.25,6.754452039499242,5-10
915973,2023-07-03T00:00:00,64.55,157.35,1.0114479053622212,1-5
927663,2023-07-03T00:00:00,64.25,246.35,2.42396198448602,1-5
930209,2023-07-03T00:00:00,64.15,140.95,3.480054117219513,1-5
941119,2023-07-03T00:00:00,63.85,151.95,1.154894931014173,1-5
941120,2023-07-03T00:00:00,63.85,152.05,29.62254266970764,10-50
944732,2023-07-03T00:00:00,63.75,153.25,1.431542766200078,1-5
948251,2023-07-03T00:00:00,63.65,145.15,1.534736799959898,1-5
948252,2023-07-03T00:00:00,63.65,145.25,1.9958165252697384,1-5
951943,2023-07-03T00:00:00,63.55,154.35,13.448158654870364,10-50
951944,2023-07-03T00:00:00,63.55,154.45,47.961805775761604,10-50
951949,2023-07-03T00:00:00,63.55,154.95,3.106067228912643,1-5
955534,2023-07-03T00:00:00,63.45,153.45,2.0075264865474516,1-5
955542,2023-07-03T00:00:00,63.45,154.25,3.2780572851790133,1-5
955543,2023-07-03T00:00:00,63.45,154.35,3.7749987669018417,1-5
959142,2023-07-03T00:00:00,63.35,154.25,4.2697446308851,1-5
966340,2023-07-03T00:00:00,63.15,154.05,5.883523669469543,5-10
966359,2023-07-03T00:00:00,63.15,155.95,2.734275958345343,1-5
970879,2023-07-03T00:00:00,63.05,247.95,1.6123152934247287,1-5
973451,2023-07-03T00:00:00,62.95,145.15,1.8157758706249432,1-5
973548,2023-07-03T00:00:00,62.95,154.85,2.345651618441334,1-5
973549,2023-07-03T00:00:00,62.95,154.95,7.793711102896026,5-10
973550,2023-07-03T00:00:00,62.95,155.05,2.7781883131367557,1-5
984367,2023-07-03T00:00:00,62.65,156.75,1.0780483101291978,1-5
984368,2023-07-03T00:00:00,62.65,156.85,1.5874316257095948,1-5
987863,2023-07-03T00:00:00,62.55,146.35,1.6123152934247287,1-5
987864,2023-07-03T00:00:00,62.55,146.45,1.423492167821653,1-5
1002346,2023-07-03T00:00:00,62.15,154.65,2.309789862028346,1-5
1002347,2023-07-03T00:00:00,62.15,154.75,5.892306140427824,5-10
1002349,2023-07-03T00:00:00,62.15,154.95,1.2844363776488414,1-5
1002350,2023-07-03T00:00:00,62.15,155.05,2.0646125477762887,1-5
1005949,2023-07-03T00:00:00,62.05,154.95,2.2058639556886668,1-5
1005978,2023-07-03T00:00:00,62.05,157.85,1.6576913933758561,1-5
1005979,2023-07-03T00:00:00,62.05,157.95,1.6525682853168568,1-5
1009549,2023-07-03T00:00:00,61.95,154.95,1.422760295241794,1-5
1013207,2023-07-03T00:00:00,61.85,160.75,1.351768654995677,1-5
1013261,2023-07-03T00:00:00,61.85,166.15,1.8187033609443723,1-5
1016705,2023-07-03T00:00:00,61.75,150.55,1.4278834033007932,1-5
1016808,2023-07-03T00:00:00,61.75,160.85,1.1446487148961744,1-5
1016860,2023-07-03T00:00:00,61.75,166.05,1.0290128472787856,1-5
1016861,2023-07-03T00:00:00,61.75,166.15,1.1600180390731722,1-5
1020306,2023-07-03T00:00:00,61.65,150.65,4.9547773656311485,1-5
1023794,2023-07-03T00:00:00,61.55,139.45,2.6662118084186517,1-5
1023870,2023-07-03T00:00:00,61.55,147.05,8.229907160490733,5-10
1023950,2023-07-03T00:00:00,61.55,155.05,1.5039981516059093,1-5
1027483,2023-07-03T00:00:00,61.45,148.35,1.0231578666399308,1-5
1027499,2023-07-03T00:00:00,61.45,149.95,6.748597058860387,5-10
1030728,2023-07-03T00:00:00,61.35,112.85,1.2361327873782884,1-5
1030969,2023-07-03T00:00:00,61.35,136.95,5.620781413300918,5-10
1031213,2023-07-03T00:00:00,61.35,161.35,1.394949137207231,1-5
1034695,2023-07-03T00:00:00,61.25,149.55,6.830566787804358,5-10
1034696,2023-07-03T00:00:00,61.25,149.65,1.2815088873294158,1-5
1038297,2023-07-03T00:00:00,61.15,149.75,2.1868352686123878,1-5
1038304,2023-07-03T00:00:00,61.15,150.45,1.296146338926551,1-5
1045488,2023-07-03T00:00:00,60.95,148.85,2.50885920374942,1-5
1045489,2023-07-03T00:00:00,60.95,148.95,1.9211655221243369,1-5
1048968,2023-07-03T00:00:00,60.85,136.85,6.907413408689333,5-10
1048969,2023-07-03T00:00:00,60.85,136.95,2.149509767039685,1-5
1049088,2023-07-03T00:00:00,60.85,148.85,5.604680216544068,5-10
1049089,2023-07-03T00:00:00,60.85,148.95,3.361490759282699,1-5
1049090,2023-07-03T00:00:00,60.85,149.05,1.1592861664933132,1-5
1063372,2023-07-03T00:00:00,60.45,137.25,2.3683396684168976,1-5
1066966,2023-07-03T00:00:00,60.35,136.65,1.1329387536184647,1-5
1070582,2023-07-03T00:00:00,60.25,138.25,2.985308253236255,1-5
1070682,2023-07-03T00:00:00,60.25,148.25,4.326830692113937,1-5
1077840,2023-07-03T00:00:00,60.05,144.05,1.4000722452662302,1-5
1077877,2023-07-03T00:00:00,60.05,147.75,1.8172396157846578,1-5
1077878,2023-07-03T00:00:00,60.05,147.85,2.8301512663065935,1-5
1077917,2023-07-03T00:00:00,60.05,151.75,1.1870973245278762,1-5
1077918,2023-07-03T00:00:00,60.05,151.85,3.100212248273788,1-5
1081343,2023-07-03T00:00:00,59.95,134.35,2.875527366257721,1-5
1081477,2023-07-03T00:00:00,59.95,147.75,2.331014166844195,1-5
1081479,2023-07-03T00:00:00,59.95,147.95,2.0946193235504182,1-5
1081504,2023-07-03T00:00:00,59.95,150.45,1.072193329490343,1-5
1084960,2023-07-03T00:00:00,59.85,136.05,1.5713304289527414,1-5
1085037,2023-07-03T00:00:00,59.85,143.75,2.6501106116617983,1-5
1085077,2023-07-03T00:00:00,59.85,147.75,1.3986085001065156,1-5
1085079,2023-07-03T00:00:00,59.85,147.95,1.1051275955839053,1-5
1092144,2023-07-03T00:00:00,59.65,134.45,3.7559700798255626,1-5
1095744,2023-07-03T00:00:00,59.55,134.45,2.2058639556886668,1-5
1102964,2023-07-03T00:00:00,59.35,136.45,6.163830867554733,5-10
1111293,2023-07-03T00:00:00,59.15,249.35,1.1234244100803252,1-5
1132967,2023-07-03T00:00:00,58.55,256.75,1.6210977643830127,1-5
1135361,2023-07-03T00:00:00,58.45,136.15,2.844056845323877,1-5
1138961,2023-07-03T00:00:00,58.35,136.15,2.079981871953283,1-5
1158136,2023-07-03T00:00:00,57.85,253.65,1.4644770322936367,1-5
1158137,2023-07-03T00:00:00,57.85,253.75,2.586437697214251,1-5
1172465,2023-07-03T00:00:00,57.45,246.55,3.5129883833130755,1-5
1172466,2023-07-03T00:00:00,57.45,246.65,1.0055929247233664,1-5
1187069,2023-07-03T00:00:00,57.05,266.95,2.001671505908593,1-5
1194526,2023-07-03T00:00:00,56.85,292.65,1.1131781939623302,1-5
1194529,2023-07-03T00:00:00,56.85,292.95,3.1477839659644857,1-5
1198130,2023-07-03T00:00:00,56.75,293.05,9.01667018383689,5-10
1208541,2023-07-03T00:00:00,56.45,254.15,1.7821097319515289,1-5
1212141,2023-07-03T00:00:00,56.35,254.15,1.8443189012393617,1-5
1215553,2023-07-03T00:00:00,56.25,235.35,1.8948181092494885,1-5
1216111,2023-07-03T00:00:00,56.25,291.15,1.1226925375004697,1-5
1219711,2023-07-03T00:00:00,56.15,291.15,3.8540410055263834,1-5
1225258,2023-07-03T00:00:00,55.95,125.85,1.4732595032519207,1-5
1229183,2023-07-03T00:00:00,55.85,158.35,2.0426563703805805,1-5
1229184,2023-07-03T00:00:00,55.85,158.45,3.3307521109287066,1-5
1229185,2023-07-03T00:00:00,55.85,158.55,1.072925202070202,1-5
1229947,2023-07-03T00:00:00,55.85,234.75,7.6085473401922314,5-10
1233554,2023-07-03T00:00:00,55.75,235.45,2.333209784583765,1-5
1247963,2023-07-03T00:00:00,55.35,236.35,1.2061260116041552,1-5
1255532,2023-07-03T00:00:00,55.15,273.25,1.2346690422185738,1-5
1273651,2023-07-03T00:00:00,54.65,285.15,2.0997424316094175,1-5
1273652,2023-07-03T00:00:00,54.65,285.25,5.096028773543527,5-10
1273668,2023-07-03T00:00:00,54.65,286.85,1.283704505068986,1-5
1277220,2023-07-03T00:00:00,54.55,282.05,9.851736797453603,5-10
1277221,2023-07-03T00:00:00,54.55,282.15,12.054673262822844,10-50
1277222,2023-07-03T00:00:00,54.55,282.25,1.3356674582388237,1-5
1277225,2023-07-03T00:00:00,54.55,282.55,1.190756687427161,1-5
1277262,2023-07-03T00:00:00,54.55,286.25,1.2332052970588592,1-5
1280820,2023-07-03T00:00:00,54.45,282.05,2.1743934347548226,1-5
1280827,2023-07-03T00:00:00,54.45,282.75,6.60222254288901,5-10
1280840,2023-07-03T00:00:00,54.45,284.05,1.8179714883645168,1-5
1280841,2023-07-03T00:00:00,54.45,284.15,1.6028009498865892,1-5
1280874,2023-07-03T00:00:00,54.45,287.45,1.851637627037931,1-5
1284439,2023-07-03T00:00:00,54.35,283.95,4.446857795210466,1-5
1284440,2023-07-03T00:00:00,54.35,284.05,2.5981476584919605,1-5
1284442,2023-07-03T00:00:00,54.35,284.25,2.451773142520583,1-5
1291698,2023-07-03T00:00:00,54.15,289.85,4.415387274276618,1-5
1298850,2023-07-03T00:00:00,53.95,285.05,5.30461245880274,5-10
1298853,2023-07-03T00:00:00,53.95,285.35,2.3068623717089167,1-5
1298854,2023-07-03T00:00:00,53.95,285.45,4.6042103998796975,1-5
1306042,2023-07-03T00:00:00,53.75,284.25,1.201734776125015,1-5
1309639,2023-07-03T00:00:00,53.65,283.95,1.2105172470832954,1-5
1313003,2023-07-03T00:00:00,53.55,260.35,4.594696056341558,1-5
1316603,2023-07-03T00:00:00,53.45,260.35,1.1285475181393245,1-5
1320316,2023-07-03T00:00:00,53.35,271.65,6.922050860286468,5-10
1320317,2023-07-03T00:00:00,53.35,271.75,1.5566929773556062,1-5
1323914,2023-07-03T00:00:00,53.25,271.45,3.0160469015902436,1-5
1323915,2023-07-03T00:00:00,53.25,271.55,5.905479846865248,5-10
1323917,2023-07-03T00:00:00,53.25,271.75,7.617329811150515,5-10
1324037,2023-07-03T00:00:00,53.25,283.75,3.1016759934335028,1-5
1324052,2023-07-03T00:00:00,53.25,285.25,1.5113168774044787,1-5
1327517,2023-07-03T00:00:00,53.15,271.75,3.4954234413965075,1-5
1327638,2023-07-03T00:00:00,53.15,283.85,1.4110503339640843,1-5
1331117,2023-07-03T00:00:00,53.05,271.75,1.1885610696875908,1-5
1331237,2023-07-03T00:00:00,53.05,283.75,3.15876205466234,1-5
1331238,2023-07-03T00:00:00,53.05,283.85,1.1424530971566043,1-5
1334837,2023-07-03T00:00:00,52.95,283.75,4.20094860837855,1-5
1338438,2023-07-03T00:00:00,52.85,283.85,2.5103229489091348,1-5
1395909,2023-07-03T00:00:00,51.25,270.95,11.819010292108924,10-50
1399509,2023-07-03T00:00:00,51.15,270.95,2.4334763280241596,1-5
1399524,2023-07-03T00:00:00,51.15,272.45,1.2873638679682706,1-5
1403124,2023-07-03T00:00:00,51.05,272.45,1.8457826463990763,1-5
1403128,2023-07-03T00:00:00,51.05,272.85,4.550051828970286,1-5
1403129,2023-07-03T00:00:00,51.05,272.95,2.514714184388275,1-5
1413926,2023-07-03T00:00:00,50.75,272.65,1.2624802002531368,1-5
1498435,2023-07-03T00:00:00,48.35,83.55,1.831145194801941,1-5
1779622,2023-07-03T00:00:00,40.55,122.25,6.085520501510043,5-10
1986067,2023-07-03T00:00:00,34.85,246.75,2.0177727026654466,1-5
1999352,2023-07-03T00:00:00,34.45,135.25,2.749645282522337,1-5
2076035,2023-07-03T00:00:00,32.35,243.55,5.559304116592941,5-10
2102877,2023-07-03T00:00:00,31.55,47.75,3.504937784934647,1-5
2104888,2023-07-03T00:00:00,31.55,248.85,1.526686201581473,1-5
2120872,2023-07-03T00:00:00,31.05,47.25,2.0302145365230118,1-5
2136020,2023-07-03T00:00:00,30.65,122.05,2.4042014248298855,1-5
2138307,2023-07-03T00:00:00,30.65,350.75,5.11432558803995,5-10
2139621,2023-07-03T00:00:00,30.55,122.15,1.2266184438401488,1-5
2139623,2023-07-03T00:00:00,30.55,122.35,5.695432416446323,5-10
2146819,2023-07-03T00:00:00,30.35,121.95,2.2812468314139274,1-5
2150419,2023-07-03T00:00:00,30.25,121.95,1.247110876076139,1-5
2169946,2023-07-03T00:00:00,29.75,274.65,1.784305349691099,1-5
2180708,2023-07-03T00:00:00,29.45,270.85,3.7918318362385506,1-5
2195091,2023-07-03T00:00:00,29.05,269.15,4.4373434516723265,1-5
2258608,2023-07-03T00:00:00,27.25,140.85,1.4205646775022238,1-5
2272801,2023-07-03T00:00:00,26.85,120.15,1.6928212772089886,1-5
2315324,2023-07-03T00:00:00,25.65,52.45,3.8211067394328246,1-5
2333328,2023-07-03T00:00:00,25.15,52.85,3.250977999724306,1-5
2346224,2023-07-03T00:00:00,24.85,262.45,4.235346619631823,1-5
2349823,2023-07-03T00:00:00,24.75,262.35,5.77081529217158,5-10
2354966,2023-07-03T00:00:00,24.55,56.65,1.5676710660534603,1-5
2364084,2023-07-03T00:00:00,24.35,248.45,2.23806634920237,1-5
2503106,2023-07-03T00:00:00,20.45,110.65,1.0612152407924889,1-5
2506705,2023-07-03T00:00:00,20.35,110.55,5.565890969811651,5-10
2513904,2023-07-03T00:00:00,20.15,110.45,4.503943856439303,1-5
2762436,2023-07-03T00:00:00,13.25,123.65,2.6925592212935,1-5
2893764,2023-07-03T00:00:00,9.65,296.45,1.5947503515081642,1-5
2923982,2023-07-03T00:00:00,8.75,78.25,2.0404607526410103,1-5
3314816,2023-07-03T00:00:00,-2.05,281.65,1.247842748655998,1-5
3427373,2023-07-03T00:00:00,-5.25,17.35,1.625488999862153,1-5
3427460,2023-07-03T00:00:00,-5.25,26.05,1.1073232133234754,1-5
3430977,2023-07-03T00:00:00,-5.35,17.75,1.1336706261983238,1-5
3434572,2023-07-03T00:00:00,-5.45,17.25,1.184169834208447,1-5
3438172,2023-07-03T00:00:00,-5.55,17.25,2.1019380493489876,1-5
3449004,2023-07-03T00:00:00,-5.85,20.45,4.00334301181719,1-5
3452568,2023-07-03T00:00:00,-5.95,16.85,2.060221312297145,1-5
3452573,2023-07-03T00:00:00,-5.95,17.35,1.0948813794659067,1-5
3452574,2023-07-03T00:00:00,-5.95,17.45,1.102200105264476,1-5
3452575,2023-07-03T00:00:00,-5.95,17.55,1.119033174601185,1-5
3459773,2023-07-03T00:00:00,-6.15,17.35,1.5193674757829037,1-5
3459777,2023-07-03T00:00:00,-6.15,17.75,2.9048022694519986,1-5
3459779,2023-07-03T00:00:00,-6.15,17.95,1.0780483101291978,1-5
3463376,2023-07-03T00:00:00,-6.25,17.65,1.127815645559469,1-5
3463466,2023-07-03T00:00:00,-6.25,26.65,1.635735215980148,1-5
3466978,2023-07-03T00:00:00,-6.35,17.85,2.3822452474341773,1-5
3470549,2023-07-03T00:00:00,-6.45,14.95,1.0385271908169251,1-5
3470552,2023-07-03T00:00:00,-6.45,15.25,2.613516982668955,1-5
3474149,2023-07-03T00:00:00,-6.55,14.95,1.1914885600070164,1-5
3474151,2023-07-03T00:00:00,-6.55,15.15,1.1051275955839053,1-5
3474152,2023-07-03T00:00:00,-6.55,15.25,1.2932188486071254,1-5
3474196,2023-07-03T00:00:00,-6.55,19.65,1.0334040827579294,1-5
3477755,2023-07-03T00:00:00,-6.65,15.55,1.6540320304765714,1-5
3477771,2023-07-03T00:00:00,-6.65,17.15,3.207797517512752,1-5
3477778,2023-07-03T00:00:00,-6.65,17.85,1.190756687427161,1-5
3477789,2023-07-03T00:00:00,-6.65,18.95,1.5925547337685941,1-5
3477798,2023-07-03T00:00:00,-6.65,19.85,1.3056606824646906,1-5
3477929,2023-07-03T00:00:00,-6.65,32.95,1.1644092745523125,1-5
3481508,2023-07-03T00:00:00,-6.75,30.85,1.2244228261005787,1-5
3484977,2023-07-03T00:00:00,-6.85,17.75,1.756494191656536,1-5
3484978,2023-07-03T00:00:00,-6.85,17.85,1.1204969197608996,1-5
3488555,2023-07-03T00:00:00,-6.95,15.55,1.3005375744056948,1-5
3488736,2023-07-03T00:00:00,-6.95,33.65,1.1344024987781793,1-5
3492184,2023-07-03T00:00:00,-7.05,18.45,1.5808447724908845,1-5
3492185,2023-07-03T00:00:00,-7.05,18.55,1.5779172821714553,1-5
3492199,2023-07-03T00:00:00,-7.05,19.95,1.1702642551911673,1-5
3495770,2023-07-03T00:00:00,-7.15,17.05,1.0846351633479117,1-5
3495771,2023-07-03T00:00:00,-7.15,17.15,1.0238897392197899,1-5
3495782,2023-07-03T00:00:00,-7.15,18.25,1.6203658918031536,1-5
3495791,2023-07-03T00:00:00,-7.15,19.15,1.6071921853657294,1-5
3499355,2023-07-03T00:00:00,-7.25,15.55,1.184901706788306,1-5
3499370,2023-07-03T00:00:00,-7.25,17.05,2.594488295592676,1-5
3499371,2023-07-03T00:00:00,-7.25,17.15,3.2231668416897463,1-5
3499372,2023-07-03T00:00:00,-7.25,17.25,1.8069933996666627,1-5
3499373,2023-07-03T00:00:00,-7.25,17.35,1.1717280003508819,1-5
3499377,2023-07-03T00:00:00,-7.25,17.75,1.8889631286106336,1-5
3502968,2023-07-03T00:00:00,-7.35,16.85,1.5413236531786119,1-5
3502973,2023-07-03T00:00:00,-7.35,17.35,1.0085204150427955,1-5
3502975,2023-07-03T00:00:00,-7.35,17.55,1.6342714708204369,1-5
3506558,2023-07-03T00:00:00,-7.45,15.85,1.387630411408665,1-5
3506574,2023-07-03T00:00:00,-7.45,17.45,1.02828097469893,1-5
3506575,2023-07-03T00:00:00,-7.45,17.55,2.8835779646361495,1-5
3506586,2023-07-03T00:00:00,-7.45,18.65,1.0458459166154945,1-5
3506589,2023-07-03T00:00:00,-7.45,18.95,1.0377953182370696,1-5
3506599,2023-07-03T00:00:00,-7.45,19.95,1.2493064938157126,1-5
3506600,2023-07-03T00:00:00,-7.45,20.05,1.5127806225641933,1-5
3506606,2023-07-03T00:00:00,-7.45,20.65,1.302733192145265,1-5
3510188,2023-07-03T00:00:00,-7.55,18.85,1.8970137269890586,1-5
3510192,2023-07-03T00:00:00,-7.55,19.25,2.0785181267935684,1-5
3510195,2023-07-03T00:00:00,-7.55,19.55,1.2902913582876963,1-5
3513777,2023-07-03T00:00:00,-7.65,17.75,1.0751208198097721,1-5
3513787,2023-07-03T00:00:00,-7.65,18.75,1.4959475532274844,1-5
3513788,2023-07-03T00:00:00,-7.65,18.85,3.899417105477511,1-5
3513809,2023-07-03T00:00:00,-7.65,20.95,2.912120995250568,1-5
3517377,2023-07-03T00:00:00,-7.75,17.75,2.0829093622727086,1-5
3517381,2023-07-03T00:00:00,-7.75,18.15,3.5012784220353623,1-5
3517387,2023-07-03T00:00:00,-7.75,18.75,1.7806459867918143,1-5
3520971,2023-07-03T00:00:00,-7.85,17.15,1.2127128648228656,1-5
3520979,2023-07-03T00:00:00,-7.85,17.95,2.158292237997969,1-5
3520997,2023-07-03T00:00:00,-7.85,19.75,8.583401616561611,5-10
3524606,2023-07-03T00:00:00,-7.95,20.65,2.3024711362297765,1-5
3524609,2023-07-03T00:00:00,-7.95,20.95,1.1095188310630455,1-5
3528179,2023-07-03T00:00:00,-8.05,17.95,1.1014682326846206,1-5
3528215,2023-07-03T00:00:00,-8.05,21.55,1.1717280003508819,1-5
3531768,2023-07-03T00:00:00,-8.15,16.85,4.574203624105564,1-5
3531782,2023-07-03T00:00:00,-8.15,18.25,1.167336764871738,1-5
3531797,2023-07-03T00:00:00,-8.15,19.75,11.879755716237046,10-50
3531811,2023-07-03T00:00:00,-8.15,21.15,1.6650101191744255,1-5
3531812,2023-07-03T00:00:00,-8.15,21.25,1.7550304464968214,1-5
3535379,2023-07-03T00:00:00,-8.25,17.95,1.9555635333776102,1-5
3535380,2023-07-03T00:00:00,-8.25,18.05,2.31857233298663,1-5
3535394,2023-07-03T00:00:00,-8.25,19.45,2.0426563703805805,1-5
3535397,2023-07-03T00:00:00,-8.25,19.75,5.20654153310192,5-10
3538999,2023-07-03T00:00:00,-8.35,19.95,1.1058594681637608,1-5
3542569,2023-07-03T00:00:00,-8.45,16.95,1.422760295241794,1-5
3542575,2023-07-03T00:00:00,-8.45,17.55,1.0480415343550682,1-5
3542595,2023-07-03T00:00:00,-8.45,19.55,2.5476484504818337,1-5
3542596,2023-07-03T00:00:00,-8.45,19.65,2.5937564230128203,1-5
3542603,2023-07-03T00:00:00,-8.45,20.35,4.080189632702165,1-5
3542627,2023-07-03T00:00:00,-8.45,22.75,1.2536977292948528,1-5
3542651,2023-07-03T00:00:00,-8.45,25.15,1.8999412173084878,1-5
3546167,2023-07-03T00:00:00,-8.55,16.75,6.315328491585106,5-10
3546172,2023-07-03T00:00:00,-8.55,17.25,3.42955490920939,1-5
3546218,2023-07-03T00:00:00,-8.55,21.85,1.015839140841365,1-5
3547197,2023-07-03T00:00:00,-8.55,119.75,7.2755453163573485,5-10
3549757,2023-07-03T00:00:00,-8.65,15.75,2.1224304815849813,1-5
3549770,2023-07-03T00:00:00,-8.65,17.05,4.4373434516723265,1-5
3549773,2023-07-03T00:00:00,-8.65,17.35,1.1248881552400398,1-5
3549783,2023-07-03T00:00:00,-8.65,18.35,2.1421910412411194,1-5
3549812,2023-07-03T00:00:00,-8.65,21.25,2.4861711537738564,1-5
3553355,2023-07-03T00:00:00,-8.75,15.55,1.256625219614282,1-5
3553376,2023-07-03T00:00:00,-8.75,17.65,1.2346690422185738,1-5
3553405,2023-07-03T00:00:00,-8.75,20.55,1.7030674933269836,1-5
3553410,2023-07-03T00:00:00,-8.75,21.05,2.4276213473853048,1-5
3553417,2023-07-03T00:00:00,-8.75,21.75,4.011393610195615,1-5
3556950,2023-07-03T00:00:00,-8.85,15.05,1.6298802353412931,1-5
3556955,2023-07-03T00:00:00,-8.85,15.55,1.5823085176505955,1-5
3556971,2023-07-03T00:00:00,-8.85,17.15,1.1146419391220448,1-5
3556972,2023-07-03T00:00:00,-8.85,17.25,3.5276258349102108,1-5
3556989,2023-07-03T00:00:00,-8.85,18.95,1.055360260153634,1-5
3557009,2023-07-03T00:00:00,-8.85,20.95,1.876521294753065,1-5
3557017,2023-07-03T00:00:00,-8.85,21.75,1.9438535720999006,1-5
3560554,2023-07-03T00:00:00,-8.95,15.45,1.4461802177972132,1-5
3560555,2023-07-03T00:00:00,-8.95,15.55,1.3356674582388237,1-5
3560557,2023-07-03T00:00:00,-8.95,15.75,1.4586220516547819,1-5
3560576,2023-07-03T00:00:00,-8.95,17.65,1.5888953708693094,1-5
3560577,2023-07-03T00:00:00,-8.95,17.75,1.1409893519968932,1-5
3560578,2023-07-03T00:00:00,-8.95,17.85,1.034867827917644,1-5
3560669,2023-07-03T00:00:00,-8.95,26.95,2.221233279865661,1-5
3564161,2023-07-03T00:00:00,-9.05,16.15,1.6203658918031536,1-5
3564175,2023-07-03T00:00:00,-9.05,17.55,1.6891619143097039,1-5
3564176,2023-07-03T00:00:00,-9.05,17.65,2.33686914748305,1-5
3564177,2023-07-03T00:00:00,-9.05,17.75,1.616706528903869,1-5
3564206,2023-07-03T00:00:00,-9.05,20.65,1.302733192145265,1-5
3567755,2023-07-03T00:00:00,-9.15,15.55,3.3534401609042703,1-5
3567757,2023-07-03T00:00:00,-9.15,15.75,3.5861756412987624,1-5
3567762,2023-07-03T00:00:00,-9.15,16.25,2.0294826639431562,1-5
3571359,2023-07-03T00:00:00,-9.25,15.95,1.0670702214313472,1-5
3574958,2023-07-03T00:00:00,-9.35,15.85,3.185841340117044,1-5
3574959,2023-07-03T00:00:00,-9.35,15.95,1.3422543114575376,1-5
3574978,2023-07-03T00:00:00,-9.35,17.85,2.636936905224374,1-5
3574979,2023-07-03T00:00:00,-9.35,17.95,4.915256246318876,1-5
3575004,2023-07-03T00:00:00,-9.35,20.45,2.5469165779019782,1-5
3575017,2023-07-03T00:00:00,-9.35,21.75,1.7747910061529595,1-5
3578558,2023-07-03T00:00:00,-9.45,15.85,1.1446487148961744,1-5
3578560,2023-07-03T00:00:00,-9.45,16.05,1.405927225905085,1-5
3578564,2023-07-03T00:00:00,-9.45,16.45,2.4927580069925668,1-5
3578580,2023-07-03T00:00:00,-9.45,18.05,4.765222367448214,1-5
3582154,2023-07-03T00:00:00,-9.55,15.45,3.7171808330931455,1-5
3582155,2023-07-03T00:00:00,-9.55,15.55,7.664901528841213,5-10
3582160,2023-07-03T00:00:00,-9.55,16.05,1.635735215980148,1-5
3582174,2023-07-03T00:00:00,-9.55,17.45,2.8828460920562904,1-5
3585755,2023-07-03T00:00:00,-9.65,15.55,2.1268217170641215,1-5
3585760,2023-07-03T00:00:00,-9.65,16.05,1.4922881903281997,1-5
3585779,2023-07-03T00:00:00,-9.65,17.95,2.707196672890639,1-5
3585781,2023-07-03T00:00:00,-9.65,18.15,2.7232978696474888,1-5
3589365,2023-07-03T00:00:00,-9.75,16.55,2.2600225265980782,1-5
3589382,2023-07-03T00:00:00,-9.75,18.25,4.7432661900525055,1-5
3589386,2023-07-03T00:00:00,-9.75,18.65,2.345651618441334,1-5
3592958,2023-07-03T00:00:00,-9.85,15.85,1.412514079123799,1-5
3592984,2023-07-03T00:00:00,-9.85,18.45,2.9172441033095637,1-5
3596549,2023-07-03T00:00:00,-9.95,14.95,2.3866364829133175,1-5
3596555,2023-07-03T00:00:00,-9.95,15.55,1.222227208361005,1-5
3596558,2023-07-03T00:00:00,-9.95,15.85,1.2844363776488414,1-5
3603753,2023-07-03T00:00:00,-10.15,15.35,2.1385316783418347,1-5
3603773,2023-07-03T00:00:00,-10.15,17.35,1.1161056842817558,1-5
3603774,2023-07-03T00:00:00,-10.15,17.45,2.3463834910211894,1-5
3610948,2023-07-03T00:00:00,-10.35,14.85,4.91452437373902,1-5
3614548,2023-07-03T00:00:00,-10.45,14.85,1.9284842479229063,1-5
3614551,2023-07-03T00:00:00,-10.45,15.15,2.131944825123121,1-5
3614574,2023-07-03T00:00:00,-10.45,17.45,1.7491754658579666,1-5
3614608,2023-07-03T00:00:00,-10.45,20.85,2.41957074900688,1-5
3618148,2023-07-03T00:00:00,-10.55,14.85,1.110250703642901,1-5
3621774,2023-07-03T00:00:00,-10.65,17.45,1.2039303938645851,1-5
3621778,2023-07-03T00:00:00,-10.65,17.85,1.340790566297823,1-5
3625351,2023-07-03T00:00:00,-10.75,15.15,1.6350033434002924,1-5
3625378,2023-07-03T00:00:00,-10.75,17.85,2.5081273311695647,1-5
3629002,2023-07-03T00:00:00,-10.85,20.25,1.1475762052156036,1-5
3639792,2023-07-03T00:00:00,-11.15,19.25,1.2968782115064101,1-5
3639794,2023-07-03T00:00:00,-11.15,19.45,1.1724598729307374,1-5
3643415,2023-07-03T00:00:00,-11.25,21.55,2.8286875211468825,1-5
3668547,2023-07-03T00:00:00,-11.95,14.75,1.469600140352636,1-5
3672222,2023-07-03T00:00:00,-12.05,22.25,1.4922881903281997,1-5
3675753,2023-07-03T00:00:00,-12.15,15.35,1.1973435406458712,1-5
3686571,2023-07-03T00:00:00,-12.45,17.15,2.0338738994222965,1-5
3693789,2023-07-03T00:00:00,-12.65,18.95,1.554497359616036,1-5
3693815,2023-07-03T00:00:00,-12.65,21.55,2.845520590483588,1-5
3698511,2023-07-03T00:00:00,-12.75,131.15,2.4525050151004386,1-5
3704617,2023-07-03T00:00:00,-12.95,21.75,1.8552969899372158,1-5
3708213,2023-07-03T00:00:00,-13.05,21.35,2.3902958458126022,1-5
3711770,2023-07-03T00:00:00,-13.15,17.05,1.1453805874760334,1-5
3718968,2023-07-03T00:00:00,-13.35,16.85,1.0846351633479117,1-5
3718971,2023-07-03T00:00:00,-13.35,17.15,1.6035328224664447,1-5
3721948,2023-07-03T00:00:00,-13.35,314.85,1.9965483978495975,1-5
3722566,2023-07-03T00:00:00,-13.45,16.65,1.0714614569104874,1-5
3722570,2023-07-03T00:00:00,-13.45,17.05,1.0465777891953536,1-5
3723816,2023-07-03T00:00:00,-13.45,141.65,2.1055974122482723,1-5
3765147,2023-07-03T00:00:00,-14.55,314.75,1.3993403726863747,1-5
3772993,2023-07-03T00:00:00,-14.85,19.35,2.3112536071880605,1-5
3819788,2023-07-03T00:00:00,-16.15,18.85,1.1204969197608996,1-5
3823419,2023-07-03T00:00:00,-16.25,21.95,1.2690670534718471,1-5
3837799,2023-07-03T00:00:00,-16.65,19.95,1.0568240053133486,1-5
3866636,2023-07-03T00:00:00,-17.45,23.65,3.976263726362486,1-5
3870190,2023-07-03T00:00:00,-17.55,19.05,1.8948181092494885,1-5
3881023,2023-07-03T00:00:00,-17.85,22.35,2.41957074900688,1-5
3949649,2023-07-03T00:00:00,-19.75,44.95,2.101206176769132,1-5
3952200,2023-07-03T00:00:00,-19.75,300.05,1.3883622839885206,1-5
3997646,2023-07-03T00:00:00,-21.05,164.65,1.064142731111918,1-5
4176233,2023-07-03T00:00:00,-26.05,23.35,1.5493742515570368,1-5
4179892,2023-07-03T00:00:00,-26.15,29.25,1.0312084650183593,1-5
4251854,2023-07-03T00:00:00,-28.15,25.45,1.0355997004974995,1-5
4277040,2023-07-03T00:00:00,-28.85,24.05,1.1490399503753181,1-5
4298630,2023-07-03T00:00:00,-29.45,23.05,2.873331748518151,1-5
4362618,2023-07-03T00:00:00,-31.15,301.85,1.2778495244301311,1-5
7276325,2023-07-04T00:00:00,67.85,72.55,1.0436502988759244,1-5
7303075,2023-07-04T00:00:00,67.15,227.55,8.718798043835136,5-10
7303076,2023-07-04T00:00:00,67.15,227.65,13.573308866025892,10-50
7309539,2023-07-04T00:00:00,66.95,153.95,2.0668081655158588,1-5
7313136,2023-07-04T00:00:00,66.85,153.65,1.0202303763205052,1-5
7320286,2023-07-04T00:00:00,66.65,148.65,2.377122139375178,1-5
7320287,2023-07-04T00:00:00,66.65,148.75,3.2231668416897463,1-5
7331178,2023-07-04T00:00:00,66.35,157.85,2.1502416396195443,1-5
7331179,2023-07-04T00:00:00,66.35,157.95,1.351768654995677,1-5
7352744,2023-07-04T00:00:00,65.75,154.45,2.1436547864008304,1-5
7352745,2023-07-04T00:00:00,65.75,154.55,1.6796475707715643,1-5
7364331,2023-07-04T00:00:00,65.45,233.15,14.237849168535949,10-50
7364332,2023-07-04T00:00:00,65.45,233.25,10.809026131906416,10-50
7367112,2023-07-04T00:00:00,65.35,151.25,1.222227208361005,1-5
7381547,2023-07-04T00:00:00,64.95,154.75,3.007264430631963,1-5
7382347,2023-07-04T00:00:00,64.95,234.75,10.150340810035214,10-50
7382348,2023-07-04T00:00:00,64.95,234.85,4.999421593002417,1-5
7385947,2023-07-04T00:00:00,64.85,234.75,2.1414591686612603,1-5
7385948,2023-07-04T00:00:00,64.85,234.85,2.265877507236933,1-5
7395972,2023-07-04T00:00:00,64.55,157.25,2.3068623717089167,1-5
7410209,2023-07-04T00:00:00,64.15,140.95,2.617908218148095,1-5
7421120,2023-07-04T00:00:00,63.85,152.05,11.980754132257298,10-50
7428250,2023-07-04T00:00:00,63.65,145.05,1.6891619143097039,1-5
7428251,2023-07-04T00:00:00,63.65,145.15,1.1731917455105965,1-5
7431943,2023-07-04T00:00:00,63.55,154.35,5.0016172107419905,5-10
7431944,2023-07-04T00:00:00,63.55,154.45,15.07291578215266,10-50
7435542,2023-07-04T00:00:00,63.45,154.25,1.3920216468878053,1-5
7435543,2023-07-04T00:00:00,63.45,154.35,1.4132459517036544,1-5
7439142,2023-07-04T00:00:00,63.35,154.25,1.4088547162245142,1-5
7446340,2023-07-04T00:00:00,63.15,154.05,1.9775197107733185,1-5
7450879,2023-07-04T00:00:00,63.05,247.95,1.6028009498865892,1-5
7453451,2023-07-04T00:00:00,62.95,145.15,1.0985407423651914,1-5
7453549,2023-07-04T00:00:00,62.95,154.95,2.5761914810962523,1-5
7457068,2023-07-04T00:00:00,62.85,146.85,1.351036782415818,1-5
7457069,2023-07-04T00:00:00,62.85,146.95,1.3707973420719561,1-5
7460673,2023-07-04T00:00:00,62.75,147.35,2.3785858845348926,1-5
7467864,2023-07-04T00:00:00,62.55,146.45,5.296561860424315,5-10
7482347,2023-07-04T00:00:00,62.15,154.75,2.3083261168686313,1-5
7489549,2023-07-04T00:00:00,61.95,154.95,1.6071921853657294,1-5
7493149,2023-07-04T00:00:00,61.85,154.95,1.792355948069524,1-5
7493207,2023-07-04T00:00:00,61.85,160.75,3.7340139024298544,1-5
7493208,2023-07-04T00:00:00,61.85,160.85,3.6703409879823035,1-5
7496808,2023-07-04T00:00:00,61.75,160.85,2.314181097507486,1-5
7500306,2023-07-04T00:00:00,61.65,150.65,3.0921616498953632,1-5
7503870,2023-07-04T00:00:00,61.55,147.05,4.307070132457799,1-5
7503871,2023-07-04T00:00:00,61.55,147.15,1.7608854271356762,1-5
7507471,2023-07-04T00:00:00,61.45,147.15,5.5014861827842445,5-10
7507499,2023-07-04T00:00:00,61.45,149.95,1.053164642414064,1-5
7507500,2023-07-04T00:00:00,61.45,150.05,3.9433294602689237,1-5
7510969,2023-07-04T00:00:00,61.35,136.95,1.110250703642901,1-5
7514704,2023-07-04T00:00:00,61.25,150.45,1.6540320304765714,1-5
7518256,2023-07-04T00:00:00,61.15,145.65,2.5564309214401177,1-5
7525417,2023-07-04T00:00:00,60.95,141.75,4.1694780874447055,1-5
7525445,2023-07-04T00:00:00,60.95,144.55,1.5662073208937457,1-5
7528968,2023-07-04T00:00:00,60.85,136.85,2.158292237997969,1-5
7528969,2023-07-04T00:00:00,60.85,136.95,6.549527717139313,5-10
7536175,2023-07-04T00:00:00,60.65,137.55,1.646713304678002,1-5
7542965,2023-07-04T00:00:00,60.45,96.55,1.1505036955350327,1-5
7543372,2023-07-04T00:00:00,60.45,137.25,3.8379398087695336,1-5
7543412,2023-07-04T00:00:00,60.45,141.25,2.31857233298663,1-5
7543413,2023-07-04T00:00:00,60.45,141.35,2.5520396859609775,1-5
7544461,2023-07-04T00:00:00,60.45,246.15,1.7813778593716698,1-5
7546965,2023-07-04T00:00:00,60.35,136.55,1.11098257622276,1-5
7546966,2023-07-04T00:00:00,60.35,136.65,2.668407426158222,1-5
7546967,2023-07-04T00:00:00,60.35,136.75,1.1526993132746028,1-5
7546968,2023-07-04T00:00:00,60.35,136.85,1.02828097469893,1-5
7546971,2023-07-04T00:00:00,60.35,137.15,3.0775241982982244,1-5
7546972,2023-07-04T00:00:00,60.35,137.25,4.407336675898193,1-5
7546973,2023-07-04T00:00:00,60.35,137.35,1.1966116680660157,1-5
7550559,2023-07-04T00:00:00,60.25,135.95,4.579326732164564,1-5
7550560,2023-07-04T00:00:00,60.25,136.05,1.4739913758317762,1-5
7550572,2023-07-04T00:00:00,60.25,137.25,1.6511045401571458,1-5
7550582,2023-07-04T00:00:00,60.25,138.25,1.1065913407436163,1-5
7550682,2023-07-04T00:00:00,60.25,148.25,5.636150737477912,5-10
7550683,2023-07-04T00:00:00,60.25,148.35,1.20978537450344,1-5
7554159,2023-07-04T00:00:00,60.15,135.95,1.6569595207960006,1-5
7554160,2023-07-04T00:00:00,60.15,136.05,3.769143786262987,1-5
7554161,2023-07-04T00:00:00,60.15,136.15,1.617438401483728,1-5
7554277,2023-07-04T00:00:00,60.15,147.75,1.6891619143097039,1-5
7554278,2023-07-04T00:00:00,60.15,147.85,2.136336060602261,1-5
7557840,2023-07-04T00:00:00,60.05,144.05,2.0177727026654466,1-5
7557877,2023-07-04T00:00:00,60.05,147.75,1.108055085903331,1-5
7557878,2023-07-04T00:00:00,60.05,147.85,1.6408583240391472,1-5
7557918,2023-07-04T00:00:00,60.05,151.85,2.9340771726462727,1-5
7561343,2023-07-04T00:00:00,59.95,134.35,1.2185678454617204,1-5
7561476,2023-07-04T00:00:00,59.95,147.65,3.0906979047356486,1-5
7561479,2023-07-04T00:00:00,59.95,147.95,2.5666771375581128,1-5
7561504,2023-07-04T00:00:00,59.95,150.45,1.3437180566172486,1-5
7562382,2023-07-04T00:00:00,59.95,238.25,2.4561643779997233,1-5
7562437,2023-07-04T00:00:00,59.95,243.75,1.756494191656536,1-5
7564960,2023-07-04T00:00:00,59.85,136.05,3.891366507099086,1-5
7564961,2023-07-04T00:00:00,59.85,136.15,3.264883578741589,1-5
7565037,2023-07-04T00:00:00,59.85,143.75,1.7008718755874135,1-5
7565077,2023-07-04T00:00:00,59.85,147.75,1.8362683028609368,1-5
7565081,2023-07-04T00:00:00,59.85,148.15,2.079249999373424,1-5
7565996,2023-07-04T00:00:00,59.85,239.65,1.4132459517036544,1-5
7569590,2023-07-04T00:00:00,59.75,239.05,25.58699726437675,10-50
7569591,2023-07-04T00:00:00,59.75,239.15,14.610372311683104,10-50
7572175,2023-07-04T00:00:00,59.65,137.55,4.386112371082344,1-5
7572176,2023-07-04T00:00:00,59.65,137.65,5.992572683868218,5-10
7578617,2023-07-04T00:00:00,59.45,61.75,1.940194209200616,1-5
7582964,2023-07-04T00:00:00,59.35,136.45,3.8181792491133955,1-5
7615361,2023-07-04T00:00:00,58.45,136.15,1.2324734244790037,1-5
7618961,2023-07-04T00:00:00,58.35,136.15,8.344079282948409,5-10
7627195,2023-07-04T00:00:00,58.15,239.55,2.2351388588829444,1-5
7659591,2023-07-04T00:00:00,57.25,239.15,1.4930200629080552,1-5
7663177,2023-07-04T00:00:00,57.15,237.75,1.8179714883645168,1-5
7663178,2023-07-04T00:00:00,57.15,237.85,2.647914993922228,1-5
7670929,2023-07-04T00:00:00,56.95,292.95,2.224892642764946,1-5
7670930,2023-07-04T00:00:00,56.95,293.05,24.065434170854274,10-50
7672871,2023-07-04T00:00:00,56.85,127.15,2.0668081655158588,1-5
7674526,2023-07-04T00:00:00,56.85,292.65,8.663907600345869,5-10
7674529,2023-07-04T00:00:00,56.85,292.95,2.542525342422838,1-5
7674530,2023-07-04T00:00:00,56.85,293.05,13.052215589167785,10-50
7676515,2023-07-04T00:00:00,56.75,131.55,1.526686201581473,1-5
7678130,2023-07-04T00:00:00,56.75,293.05,3.1404652401659163,1-5
7683698,2023-07-04T00:00:00,56.55,129.85,1.4271515307209341,1-5
7692509,2023-07-04T00:00:00,56.35,290.95,9.809288187821902,5-10
7692510,2023-07-04T00:00:00,56.35,291.05,23.180600221807293,10-50
7692511,2023-07-04T00:00:00,56.35,291.15,1.2515021115552827,1-5
7694508,2023-07-04T00:00:00,56.25,130.85,1.2339371696387182,1-5
7696110,2023-07-04T00:00:00,56.25,291.05,33.58270519931328,10-50
7696111,2023-07-04T00:00:00,56.25,291.15,27.77602815072871,10-50
7699152,2023-07-04T00:00:00,56.15,235.25,1.12708377297961,1-5
7699711,2023-07-04T00:00:00,56.15,291.15,37.802682494768106,10-50
7699712,2023-07-04T00:00:00,56.15,291.25,3.1536389466033405,1-5
7702752,2023-07-04T00:00:00,56.05,235.25,1.1439168423163188,1-5
7703310,2023-07-04T00:00:00,56.05,291.05,18.143121254652314,10-50
7703311,2023-07-04T00:00:00,56.05,291.15,12.635780091229215,10-50
7706910,2023-07-04T00:00:00,55.95,291.05,12.223735828769785,10-50
7706911,2023-07-04T00:00:00,55.95,291.15,8.892983717841076,5-10
7709185,2023-07-04T00:00:00,55.85,158.55,2.172197817015249,1-5
7709946,2023-07-04T00:00:00,55.85,234.65,1.2690670534718471,1-5
7709947,2023-07-04T00:00:00,55.85,234.75,2.4122520232083104,1-5
7709953,2023-07-04T00:00:00,55.85,235.35,1.8896950011904892,1-5
7712784,2023-07-04T00:00:00,55.75,158.45,2.4825117908745717,1-5
7713554,2023-07-04T00:00:00,55.75,235.45,2.3156448426672007,1-5
7713929,2023-07-04T00:00:00,55.75,272.95,1.6408583240391472,1-5
7719690,2023-07-04T00:00:00,55.55,129.05,1.5954822240880198,1-5
7739305,2023-07-04T00:00:00,55.05,290.55,6.071614922492763,5-10
7746496,2023-07-04T00:00:00,54.85,289.65,1.6064603127858739,1-5
7750095,2023-07-04T00:00:00,54.75,289.55,1.0524327698342084,1-5
7753622,2023-07-04T00:00:00,54.65,282.25,3.042394314465092,1-5
7753651,2023-07-04T00:00:00,54.65,285.15,1.5362005451196126,1-5
7753652,2023-07-04T00:00:00,54.65,285.25,9.654131200892243,5-10
7753653,2023-07-04T00:00:00,54.65,285.35,1.0077885424629365,1-5
7753668,2023-07-04T00:00:00,54.65,286.85,6.009405753204927,5-10
7753669,2023-07-04T00:00:00,54.65,286.95,1.6518364127370013,1-5
7757220,2023-07-04T00:00:00,54.55,282.05,6.8130018458877935,5-10
7757221,2023-07-04T00:00:00,54.55,282.15,12.54502789132696,10-50
7757222,2023-07-04T00:00:00,54.55,282.25,4.760099259389214,1-5
7757225,2023-07-04T00:00:00,54.55,282.55,1.1746554906703075,1-5
7757228,2023-07-04T00:00:00,54.55,282.85,1.8735938044336393,1-5
7757240,2023-07-04T00:00:00,54.55,284.05,8.51533746663492,5-10
7757241,2023-07-04T00:00:00,54.55,284.15,4.339272525971502,1-5
7757261,2023-07-04T00:00:00,54.55,286.15,2.886505454955575,1-5
7757262,2023-07-04T00:00:00,54.55,286.25,23.51287037306232,10-50
7760819,2023-07-04T00:00:00,54.45,281.95,1.0853670359277672,1-5
7760827,2023-07-04T00:00:00,54.45,282.75,1.6415901966190063,1-5
7760828,2023-07-04T00:00:00,54.45,282.85,1.9299479930826209,1-5
7760840,2023-07-04T00:00:00,54.45,284.05,5.471479407010111,5-10
7760841,2023-07-04T00:00:00,54.45,284.15,8.664639472925726,5-10
7760842,2023-07-04T00:00:00,54.45,284.25,15.180501051391623,10-50
7760843,2023-07-04T00:00:00,54.45,284.35,1.378847940450381,1-5
7760856,2023-07-04T00:00:00,54.45,285.65,2.2117189363275216,1-5
7760859,2023-07-04T00:00:00,54.45,285.95,1.0648746036917736,1-5
7760874,2023-07-04T00:00:00,54.45,287.45,9.298441127081793,5-10
7764344,2023-07-04T00:00:00,54.35,274.45,1.5698666837930304,1-5
7764345,2023-07-04T00:00:00,54.35,274.55,4.450517158109751,1-5
7764438,2023-07-04T00:00:00,54.35,283.85,1.469600140352636,1-5
7764439,2023-07-04T00:00:00,54.35,283.95,3.3724688479805494,1-5
7764441,2023-07-04T00:00:00,54.35,284.15,2.077054381633854,1-5
7764442,2023-07-04T00:00:00,54.35,284.25,1.9906934172107427,1-5
7764443,2023-07-04T00:00:00,54.35,284.35,12.468913143021844,10-50
7771677,2023-07-04T00:00:00,54.15,287.75,12.101513107933684,10-50
7771678,2023-07-04T00:00:00,54.15,287.85,10.165710134212208,10-50
7771680,2023-07-04T00:00:00,54.15,288.05,6.092107354728757,5-10
7775277,2023-07-04T00:00:00,54.05,287.75,2.388100228073032,1-5
7778850,2023-07-04T00:00:00,53.95,285.05,7.481201511297133,5-10
7778853,2023-07-04T00:00:00,53.95,285.35,1.5200993483627592,1-5
7778874,2023-07-04T00:00:00,53.95,287.45,8.72245740673442,5-10
7782312,2023-07-04T00:00:00,53.85,271.25,1.5801128999110254,1-5
7782474,2023-07-04T00:00:00,53.85,287.45,4.120442624594293,1-5
7782481,2023-07-04T00:00:00,53.85,288.15,3.026293117708242,1-5
7786042,2023-07-04T00:00:00,53.75,284.25,4.340736271131217,1-5
7789638,2023-07-04T00:00:00,53.65,283.85,1.9292161205027618,1-5
7789646,2023-07-04T00:00:00,53.65,284.65,3.4551704495043793,1-5
7789647,2023-07-04T00:00:00,53.65,284.75,2.7159791438489194,1-5
7793237,2023-07-04T00:00:00,53.55,283.75,5.355111666812867,5-10
7793246,2023-07-04T00:00:00,53.55,284.65,9.375287747966768,5-10
7793247,2023-07-04T00:00:00,53.55,284.75,5.128963039637089,5-10
7796836,2023-07-04T00:00:00,53.45,283.65,13.653082977230293,10-50
7796837,2023-07-04T00:00:00,53.45,283.75,11.329387536184665,10-50
7796850,2023-07-04T00:00:00,53.45,285.05,2.0946193235504182,1-5
7796851,2023-07-04T00:00:00,53.45,285.15,1.6730607175528505,1-5
7800316,2023-07-04T00:00:00,53.35,271.65,1.68477067883056,1-5
7800435,2023-07-04T00:00:00,53.35,283.55,2.2058639556886668,1-5
7800436,2023-07-04T00:00:00,53.35,283.65,4.875003254426748,1-5
7800437,2023-07-04T00:00:00,53.35,283.75,1.6152427837441579,1-5
7803914,2023-07-04T00:00:00,53.25,271.45,1.1973435406458712,1-5
7803915,2023-07-04T00:00:00,53.25,271.55,2.377122139375178,1-5
7803917,2023-07-04T00:00:00,53.25,271.75,2.197813357310242,1-5
7804037,2023-07-04T00:00:00,53.25,283.75,12.9636590070051,10-50
7804038,2023-07-04T00:00:00,53.25,283.85,5.6683531309916155,5-10
7804050,2023-07-04T00:00:00,53.25,285.05,2.4020058070903154,1-5
7804051,2023-07-04T00:00:00,53.25,285.15,1.6518364127370013,1-5
7804052,2023-07-04T00:00:00,53.25,285.25,1.9109193060063419,1-5
7804053,2023-07-04T00:00:00,53.25,285.35,2.134140442862691,1-5
7804055,2023-07-04T00:00:00,53.25,285.55,6.30800976578654,5-10
7804056,2023-07-04T00:00:00,53.25,285.65,30.91063841025577,10-50
7804060,2023-07-04T00:00:00,53.25,286.05,1.646713304678002,1-5
7804068,2023-07-04T00:00:00,53.25,286.85,7.861043380242862,5-10
7807637,2023-07-04T00:00:00,53.15,283.75,4.862561420569179,1-5
7807638,2023-07-04T00:00:00,53.15,283.85,19.49049867416885,10-50
7807653,2023-07-04T00:00:00,53.15,285.35,3.507133402674217,1-5
7807654,2023-07-04T00:00:00,53.15,285.45,3.8211067394328246,1-5
7807660,2023-07-04T00:00:00,53.15,286.05,11.58700668429429,10-50
7807661,2023-07-04T00:00:00,53.15,286.15,4.9101331382598765,1-5
7807666,2023-07-04T00:00:00,53.15,286.65,2.0536344590784346,1-5
7807674,2023-07-04T00:00:00,53.15,287.45,2.388100228073032,1-5
7811117,2023-07-04T00:00:00,53.05,271.75,1.1863654519480171,1-5
7811237,2023-07-04T00:00:00,53.05,283.75,18.49002885750448,10-50
7811238,2023-07-04T00:00:00,53.05,283.85,1.95117229789847,1-5
7814837,2023-07-04T00:00:00,52.95,283.75,4.4666183548666005,1-5
7814852,2023-07-04T00:00:00,52.95,285.25,3.422968055990676,1-5
7816928,2023-07-04T00:00:00,52.85,132.85,1.0685339665910583,1-5
7818438,2023-07-04T00:00:00,52.85,283.85,8.925917983934637,5-10
7818439,2023-07-04T00:00:00,52.85,283.95,2.6391325229639477,1-5
7818440,2023-07-04T00:00:00,52.85,284.05,2.6083938746099555,1-5
7818441,2023-07-04T00:00:00,52.85,284.15,1.1995391583854413,1-5
7818446,2023-07-04T00:00:00,52.85,284.65,1.4461802177972132,1-5
7818448,2023-07-04T00:00:00,52.85,284.85,1.5801128999110254,1-5
7818449,2023-07-04T00:00:00,52.85,284.95,1.2880957405481261,1-5
7822039,2023-07-04T00:00:00,52.75,283.95,7.576344946678532,5-10
7822040,2023-07-04T00:00:00,52.75,284.05,2.037533262321581,1-5
7822041,2023-07-04T00:00:00,52.75,284.15,1.2485746212358535,1-5
7822045,2023-07-04T00:00:00,52.75,284.55,2.1846396508728176,1-5
7822059,2023-07-04T00:00:00,52.75,285.95,1.6972125126881288,1-5
7875909,2023-07-04T00:00:00,51.25,270.95,1.6181702740635835,1-5
7883129,2023-07-04T00:00:00,51.05,272.95,3.464684793042519,1-5
7886729,2023-07-04T00:00:00,50.95,272.95,1.5669391934736012,1-5
8259622,2023-07-04T00:00:00,40.55,122.25,6.085520501510043,5-10
8370239,2023-07-04T00:00:00,37.45,23.95,1.2617483276732777,1-5
8463857,2023-07-04T00:00:00,34.85,25.75,3.141197112745772,1-5
8479352,2023-07-04T00:00:00,34.45,135.25,2.749645282522337,1-5
8556035,2023-07-04T00:00:00,32.35,243.55,2.5791189714156815,1-5
8582877,2023-07-04T00:00:00,31.55,47.75,1.2258865712602898,1-5
8616020,2023-07-04T00:00:00,30.65,122.05,2.4042014248298855,1-5
8619621,2023-07-04T00:00:00,30.55,122.15,1.2266184438401488,1-5
8619623,2023-07-04T00:00:00,30.55,122.35,5.695432416446323,5-10
8626819,2023-07-04T00:00:00,30.35,121.95,2.2812468314139274,1-5
8630419,2023-07-04T00:00:00,30.25,121.95,1.247110876076139,1-5
8660708,2023-07-04T00:00:00,29.45,270.85,3.7918318362385506,1-5
8675091,2023-07-04T00:00:00,29.05,269.15,4.4373434516723265,1-5
8738608,2023-07-04T00:00:00,27.25,140.85,1.4205646775022238,1-5
8795324,2023-07-04T00:00:00,25.65,52.45,5.166288541209788,5-10
8813328,2023-07-04T00:00:00,25.15,52.85,2.301739263649921,1-5
8826224,2023-07-04T00:00:00,24.85,262.45,4.235346619631823,1-5
8829823,2023-07-04T00:00:00,24.75,262.35,5.77081529217158,5-10
8833423,2023-07-04T00:00:00,24.65,262.35,6.321183472223964,5-10
8837023,2023-07-04T00:00:00,24.55,262.35,7.186256861614808,5-10
8844084,2023-07-04T00:00:00,24.35,248.45,2.23806634920237,1-5
8983106,2023-07-04T00:00:00,20.45,110.65,1.0612152407924889,1-5
8986705,2023-07-04T00:00:00,20.35,110.55,5.565890969811651,5-10
8993904,2023-07-04T00:00:00,20.15,110.45,4.503943856439303,1-5
9151623,2023-07-04T00:00:00,15.75,42.35,1.1622136568127424,1-5
9242436,2023-07-04T00:00:00,13.25,123.65,3.7801218749608374,1-5
9373764,2023-07-04T00:00:00,9.65,296.45,1.165141147132168,1-5
9403982,2023-07-04T00:00:00,8.75,78.25,2.0404607526410103,1-5
9794816,2023-07-04T00:00:00,-2.05,281.65,1.0926857617263366,1-5
9835352,2023-07-04T00:00:00,-3.25,15.25,1.190756687427161,1-5
9839110,2023-07-04T00:00:00,-3.35,31.05,4.3546418501484965,1-5
9846163,2023-07-04T00:00:00,-3.55,16.35,1.4051953533252295,1-5
9864165,2023-07-04T00:00:00,-4.05,16.55,3.696688400857152,1-5
9875112,2023-07-04T00:00:00,-4.35,31.25,4.726433120715797,1-5
9885909,2023-07-04T00:00:00,-4.65,30.95,3.08045168861765,1-5
9889461,2023-07-04T00:00:00,-4.75,26.15,1.0634108585320625,1-5
9889484,2023-07-04T00:00:00,-4.75,28.45,1.1951479229063011,1-5
9889485,2023-07-04T00:00:00,-4.75,28.55,1.4395933645785028,1-5
9889510,2023-07-04T00:00:00,-4.75,31.05,1.3905579017280907,1-5
9896657,2023-07-04T00:00:00,-4.95,25.75,3.141197112745772,1-5
9900264,2023-07-04T00:00:00,-5.05,26.45,1.4395933645785028,1-5
9903162,2023-07-04T00:00:00,-5.05,316.25,1.4403252371583584,1-5
9903876,2023-07-04T00:00:00,-5.15,27.65,1.6759882078722796,1-5
9918277,2023-07-04T00:00:00,-5.55,27.75,3.2107250078321776,1-5
9918278,2023-07-04T00:00:00,-5.55,27.85,1.6898937868895594,1-5
9921860,2023-07-04T00:00:00,-5.65,26.05,1.304928809884835,1-5
9921877,2023-07-04T00:00:00,-5.65,27.75,1.68477067883056,1-5
9924761,2023-07-04T00:00:00,-5.65,316.15,3.657167281544883,1-5
9925470,2023-07-04T00:00:00,-5.75,27.05,1.5837722628103101,1-5
9929056,2023-07-04T00:00:00,-5.85,25.65,3.627892378350605,1-5
9932672,2023-07-04T00:00:00,-5.95,27.25,1.0546283875737785,1-5
9936199,2023-07-04T00:00:00,-6.05,19.95,1.0202303763205052,1-5
9943457,2023-07-04T00:00:00,-6.25,25.75,1.0297447198586447,1-5
9943466,2023-07-04T00:00:00,-6.25,26.65,2.6069301294502445,1-5
9943482,2023-07-04T00:00:00,-6.25,28.25,3.380519446358978,1-5
9946353,2023-07-04T00:00:00,-6.25,315.35,1.1944160503264456,1-5
9947071,2023-07-04T00:00:00,-6.35,27.15,1.0590196230529187,1-5
9947088,2023-07-04T00:00:00,-6.35,28.85,2.7928257647338945,1-5
9950660,2023-07-04T00:00:00,-6.45,26.05,2.0214320655647313,1-5
9950664,2023-07-04T00:00:00,-6.45,26.45,1.4842375919497748,1-5
9950666,2023-07-04T00:00:00,-6.45,26.65,1.0846351633479117,1-5
9950669,2023-07-04T00:00:00,-6.45,26.95,1.220763463201294,1-5
9954263,2023-07-04T00:00:00,-6.55,26.35,1.083171418188197,1-5
9954264,2023-07-04T00:00:00,-6.55,26.45,7.054519797240566,5-10
9954269,2023-07-04T00:00:00,-6.55,26.95,1.2610164550934222,1-5
9954277,2023-07-04T00:00:00,-6.55,27.75,1.1300112632990391,1-5
9961352,2023-07-04T00:00:00,-6.75,15.25,1.146112460055889,1-5
9961508,2023-07-04T00:00:00,-6.75,30.85,1.0319403375982148,1-5
9965069,2023-07-04T00:00:00,-6.85,26.95,2.5132504392285604,1-5
9968649,2023-07-04T00:00:00,-6.95,24.95,2.0280189187834416,1-5
9975854,2023-07-04T00:00:00,-7.15,25.45,1.0590196230529187,1-5
9975943,2023-07-04T00:00:00,-7.15,34.35,1.4857013371094858,1-5
9979395,2023-07-04T00:00:00,-7.25,19.55,3.73255015727014,1-5
9979451,2023-07-04T00:00:00,-7.25,25.15,3.567878826802339,1-5
9993829,2023-07-04T00:00:00,-7.65,22.95,4.00553862955676,1-5
9997417,2023-07-04T00:00:00,-7.75,21.75,1.0656064762716326,1-5
10004661,2023-07-04T00:00:00,-7.95,26.15,2.115111755786412,1-5
10008212,2023-07-04T00:00:00,-8.05,21.25,1.4637451597137812,1-5
10008245,2023-07-04T00:00:00,-8.05,24.55,1.8465145189789354,1-5
10011797,2023-07-04T00:00:00,-8.15,19.75,1.1812423438890214,1-5
10015397,2023-07-04T00:00:00,-8.25,19.75,3.1668126530407648,1-5
10018337,2023-07-04T00:00:00,-8.25,313.75,1.323957496961114,1-5
10018997,2023-07-04T00:00:00,-8.35,19.75,6.454384281757918,5-10
10019087,2023-07-04T00:00:00,-8.35,28.75,1.9021368350480579,1-5
10026254,2023-07-04T00:00:00,-8.55,25.45,2.2307476234038006,1-5
10029816,2023-07-04T00:00:00,-8.65,21.65,2.50446796827028,1-5
10033412,2023-07-04T00:00:00,-8.75,21.25,2.4063970425694556,1-5
10036955,2023-07-04T00:00:00,-8.85,15.55,1.811384635145803,1-5
10037049,2023-07-04T00:00:00,-8.85,24.95,1.148308077795459,1-5
10040583,2023-07-04T00:00:00,-8.95,18.35,1.1139100665421857,1-5
10040648,2023-07-04T00:00:00,-8.95,24.85,3.5364083058684948,1-5
10040649,2023-07-04T00:00:00,-8.95,24.95,3.6820509492600166,1-5
10040650,2023-07-04T00:00:00,-8.95,25.05,1.0114479053622212,1-5
10044213,2023-07-04T00:00:00,-9.05,21.35,1.0063247973032254,1-5
10047755,2023-07-04T00:00:00,-9.15,15.55,1.3934853920475199,1-5
10051363,2023-07-04T00:00:00,-9.25,16.35,1.0992726149450505,1-5
10051471,2023-07-04T00:00:00,-9.25,27.15,1.2778495244301311,1-5
10058559,2023-07-04T00:00:00,-9.45,15.95,1.4388614919986473,1-5
10058560,2023-07-04T00:00:00,-9.45,16.05,1.3378630759783938,1-5
10058722,2023-07-04T00:00:00,-9.45,32.25,2.31857233298663,1-5
10062155,2023-07-04T00:00:00,-9.55,15.55,2.149509767039685,1-5
10062322,2023-07-04T00:00:00,-9.55,32.25,1.4403252371583584,1-5
10072945,2023-07-04T00:00:00,-9.85,14.55,1.3817754307698102,1-5
10080153,2023-07-04T00:00:00,-10.05,15.35,3.469807901101518,1-5
10087471,2023-07-04T00:00:00,-10.25,27.15,1.925556757603477,1-5
10134216,2023-07-04T00:00:00,-11.55,21.65,1.9519041704783255,1-5
10138910,2023-07-04T00:00:00,-11.65,131.05,1.0231578666399308,1-5
10288189,2023-07-04T00:00:00,-15.75,298.95,1.1988072858055858,1-5
10313384,2023-07-04T00:00:00,-16.45,298.45,2.535938489204124,1-5
10477646,2023-07-04T00:00:00,-21.05,164.65,1.064142731111918,1-5
10595077,2023-07-04T00:00:00,-24.35,27.75,1.093417634306192,1-5
10656233,2023-07-04T00:00:00,-26.05,23.35,1.321030006641685,1-5
